{
  "buildFiles": [
    "C:\\flutter\\packages\\flutter_tools\\gradle\\src\\main\\scripts\\CMakeLists.txt"
  ],
  "cleanCommandsComponents": [
    [
      "C:\\Users\\gonza\\AppData\\Local\\Android\\Sdk\\cmake\\3.22.1\\bin\\ninja.exe",
      "-C",
      "C:\\zara\\bankaio\\build\\.cxx\\Debug\\1d124y4q\\armeabi-v7a",
      "clean"
    ]
  ],
  "buildTargetsCommandComponents": [
    "C:\\Users\\gonza\\AppData\\Local\\Android\\Sdk\\cmake\\3.22.1\\bin\\ninja.exe",
    "-C",
    "C:\\zara\\bankaio\\build\\.cxx\\Debug\\1d124y4q\\armeabi-v7a",
    "{LIST_OF_TARGETS_TO_BUILD}"
  ],
  "libraries": {},
  "toolchains": {
    "toolchain": {
      "cCompilerExecutable": "C:\\Users\\gonza\\AppData\\Local\\Android\\Sdk\\ndk\\27.0.12077973\\toolchains\\llvm\\prebuilt\\windows-x86_64\\bin\\clang.exe",
      "cppCompilerExecutable": "C:\\Users\\gonza\\AppData\\Local\\Android\\Sdk\\ndk\\27.0.12077973\\toolchains\\llvm\\prebuilt\\windows-x86_64\\bin\\clang++.exe"
    }
  },
  "cFileExtensions": [],
  "cppFileExtensions": []
}