{
  "info": {
    "name": "x86_64",
    "bitness": 64,
    "isDefault": true,
    "isDeprecated": false,
    "architecture": "x86_64",
    "triple": "x86_64-linux-android",
    "llvmTriple": "x86_64-none-linux-android"
  },
  "cxxBuildFolder": "C:\\zara\\bankaio\\build\\.cxx\\Debug\\1d124y4q\\x86_64",
  "soFolder": "C:\\zara\\bankaio\\build\\app\\intermediates\\cxx\\Debug\\1d124y4q\\obj\\x86_64",
  "soRepublishFolder": "C:\\zara\\bankaio\\build\\app\\intermediates\\cmake\\profile\\obj\\x86_64",
  "abiPlatformVersion": 21,
  "cmake": {
    "effectiveConfiguration": {
      "inheritEnvironments": [],
      "variables": []
    }
  },
  "variant": {
    "buildSystemArgumentList": [
      "-Wno-dev",
      "--no-warn-unused-cli"
    ],
    "cFlagsList": [],
    "cppFlagsList": [],
    "variantName": "profile",
    "isDebuggableEnabled": true,
    "validAbiList": [
      "armeabi-v7a",
      "arm64-v8a",
      "x86",
      "x86_64"
    ],
    "buildTargetSet": [],
    "implicitBuildTargetSet": [],
    "cmakeSettingsConfiguration": "android-gradle-plugin-predetermined-name",
    "module": {
      "cxxFolder": "C:\\zara\\bankaio\\build\\.cxx",
      "intermediatesBaseFolder": "C:\\zara\\bankaio\\build\\app\\intermediates",
      "intermediatesFolder": "C:\\zara\\bankaio\\build\\app\\intermediates\\cxx",
      "gradleModulePathName": ":app",
      "moduleRootFolder": "C:\\zara\\bankaio\\android\\app",
      "moduleBuildFile": "C:\\zara\\bankaio\\android\\app\\build.gradle.kts",
      "makeFile": "C:\\flutter\\packages\\flutter_tools\\gradle\\src\\main\\scripts\\CMakeLists.txt",
      "buildSystem": "CMAKE",
      "ndkFolder": "C:\\Users\\gonza\\AppData\\Local\\Android\\Sdk\\ndk\\27.0.12077973",
      "ndkFolderBeforeSymLinking": "C:\\Users\\gonza\\AppData\\Local\\Android\\Sdk\\ndk\\27.0.12077973",
      "ndkVersion": "27.0.12077973",
      "ndkSupportedAbiList": [
        "armeabi-v7a",
        "arm64-v8a",
        "riscv64",
        "x86",
        "x86_64"
      ],
      "ndkDefaultAbiList": [
        "armeabi-v7a",
        "arm64-v8a",
        "x86",
        "x86_64"
      ],
      "ndkDefaultStl": "LIBCXX_STATIC",
      "ndkMetaPlatforms": {
        "min": 21,
        "max": 35,
        "aliases": {
          "20": 19,
          "25": 24,
          "J": 16,
          "J-MR1": 17,
          "J-MR2": 18,
          "K": 19,
          "L": 21,
          "L-MR1": 22,
          "M": 23,
          "N": 24,
          "N-MR1": 24,
          "O": 26,
          "O-MR1": 27,
          "P": 28,
          "Q": 29,
          "R": 30,
          "S": 31,
          "Sv2": 32,
          "Tiramisu": 33,
          "UpsideDownCake": 34,
          "VanillaIceCream": 35
        }
      },
      "ndkMetaAbiList": [
        {
          "name": "armeabi-v7a",
          "bitness": 32,
          "isDefault": true,
          "isDeprecated": false,
          "architecture": "arm",
          "triple": "arm-linux-androideabi",
          "llvmTriple": "armv7-none-linux-androideabi"
        },
        {
          "name": "arm64-v8a",
          "bitness": 64,
          "isDefault": true,
          "isDeprecated": false,
          "architecture": "arm64",
          "triple": "aarch64-linux-android",
          "llvmTriple": "aarch64-none-linux-android"
        },
        {
          "name": "riscv64",
          "bitness": 64,
          "isDefault": false,
          "isDeprecated": false,
          "architecture": "riscv64",
          "triple": "riscv64-linux-android",
          "llvmTriple": "riscv64-none-linux-android"
        },
        {
          "name": "x86",
          "bitness": 32,
          "isDefault": true,
          "isDeprecated": false,
          "architecture": "x86",
          "triple": "i686-linux-android",
          "llvmTriple": "i686-none-linux-android"
        },
        {
          "name": "x86_64",
          "bitness": 64,
          "isDefault": true,
          "isDeprecated": false,
          "architecture": "x86_64",
          "triple": "x86_64-linux-android",
          "llvmTriple": "x86_64-none-linux-android"
        }
      ],
      "cmakeToolchainFile": "C:\\Users\\gonza\\AppData\\Local\\Android\\Sdk\\ndk\\27.0.12077973\\build\\cmake\\android.toolchain.cmake",
      "cmake": {
        "cmakeExe": "C:\\Users\\gonza\\AppData\\Local\\Android\\Sdk\\cmake\\3.22.1\\bin\\cmake.exe"
      },
      "stlSharedObjectMap": {
        "LIBCXX_SHARED": {
          "armeabi-v7a": "C:\\Users\\gonza\\AppData\\Local\\Android\\Sdk\\ndk\\27.0.12077973\\toolchains\\llvm\\prebuilt\\windows-x86_64\\sysroot\\usr\\lib\\arm-linux-androideabi\\libc++_shared.so",
          "arm64-v8a": "C:\\Users\\gonza\\AppData\\Local\\Android\\Sdk\\ndk\\27.0.12077973\\toolchains\\llvm\\prebuilt\\windows-x86_64\\sysroot\\usr\\lib\\aarch64-linux-android\\libc++_shared.so",
          "riscv64": "C:\\Users\\gonza\\AppData\\Local\\Android\\Sdk\\ndk\\27.0.12077973\\toolchains\\llvm\\prebuilt\\windows-x86_64\\sysroot\\usr\\lib\\riscv64-linux-android\\libc++_shared.so",
          "x86": "C:\\Users\\gonza\\AppData\\Local\\Android\\Sdk\\ndk\\27.0.12077973\\toolchains\\llvm\\prebuilt\\windows-x86_64\\sysroot\\usr\\lib\\i686-linux-android\\libc++_shared.so",
          "x86_64": "C:\\Users\\gonza\\AppData\\Local\\Android\\Sdk\\ndk\\27.0.12077973\\toolchains\\llvm\\prebuilt\\windows-x86_64\\sysroot\\usr\\lib\\x86_64-linux-android\\libc++_shared.so"
        },
        "LIBCXX_STATIC": {},
        "NONE": {},
        "SYSTEM": {}
      },
      "project": {
        "rootBuildGradleFolder": "C:\\zara\\bankaio\\android",
        "sdkFolder": "C:\\Users\\gonza\\AppData\\Local\\Android\\Sdk",
        "isBuildOnlyTargetAbiEnabled": true,
        "isCmakeBuildCohabitationEnabled": false,
        "isPrefabEnabled": false
      },
      "outputOptions": [],
      "ninjaExe": "C:\\Users\\gonza\\AppData\\Local\\Android\\Sdk\\cmake\\3.22.1\\bin\\ninja.exe",
      "hasBuildTimeInformation": true
    },
    "prefabClassPaths": [],
    "prefabPackages": [],
    "prefabPackageConfigurations": [],
    "stlType": "c++_static",
    "optimizationTag": "Debug"
  },
  "buildSettings": {
    "environmentVariables": []
  },
  "prefabFolder": "C:\\zara\\bankaio\\build\\.cxx\\Debug\\1d124y4q\\prefab\\x86_64",
  "isActiveAbi": true,
  "fullConfigurationHash": "1d124y4q5r6z2x26603s21464rb1s5l4e5f3n6j251m1l525y2f5m365q4d5j3d",
  "fullConfigurationHashKey": "# Values used to calculate the hash in this folder name.\n# Should not depend on the absolute path of the project itself.\n#   - AGP: 8.7.3.\n#   - $NDK is the path to NDK 27.0.12077973.\n#   - $PROJECT is the path to the parent folder of the root Gradle build file.\n#   - $ABI is the ABI to be built with. The specific value doesn\u0027t contribute to the value of the hash.\n#   - $HASH is the hash value computed from this text.\n#   - $CMAKE is the path to CMake 3.22.1.\n#   - $NINJA is the path to Ninja.\n-HC:/flutter/packages/flutter_tools/gradle/src/main/scripts\n-DCMAKE_SYSTEM_NAME\u003dAndroid\n-DCMAKE_EXPORT_COMPILE_COMMANDS\u003dON\n-DCMAKE_SYSTEM_VERSION\u003d21\n-DANDROID_PLATFORM\u003dandroid-21\n-DANDROID_ABI\u003d$ABI\n-DCMAKE_ANDROID_ARCH_ABI\u003d$ABI\n-DANDROID_NDK\u003d$NDK\n-DCMAKE_ANDROID_NDK\u003d$NDK\n-DCMAKE_TOOLCHAIN_FILE\u003d$NDK/build/cmake/android.toolchain.cmake\n-DCMAKE_MAKE_PROGRAM\u003d$NINJA\n-DCMAKE_LIBRARY_OUTPUT_DIRECTORY\u003dC:/zara/bankaio/build/app/intermediates/cxx/Debug/$HASH/obj/$ABI\n-DCMAKE_RUNTIME_OUTPUT_DIRECTORY\u003dC:/zara/bankaio/build/app/intermediates/cxx/Debug/$HASH/obj/$ABI\n-DCMAKE_BUILD_TYPE\u003dDebug\n-BC:/zara/bankaio/build/.cxx/Debug/$HASH/$ABI\n-GNinja\n-Wno-dev\n--no-warn-unused-cli",
  "configurationArguments": [
    "-HC:\\flutter\\packages\\flutter_tools\\gradle\\src\\main\\scripts",
    "-DCMAKE_SYSTEM_NAME\u003dAndroid",
    "-DCMAKE_EXPORT_COMPILE_COMMANDS\u003dON",
    "-DCMAKE_SYSTEM_VERSION\u003d21",
    "-DANDROID_PLATFORM\u003dandroid-21",
    "-DANDROID_ABI\u003dx86_64",
    "-DCMAKE_ANDROID_ARCH_ABI\u003dx86_64",
    "-DANDROID_NDK\u003dC:\\Users\\gonza\\AppData\\Local\\Android\\Sdk\\ndk\\27.0.12077973",
    "-DCMAKE_ANDROID_NDK\u003dC:\\Users\\gonza\\AppData\\Local\\Android\\Sdk\\ndk\\27.0.12077973",
    "-DCMAKE_TOOLCHAIN_FILE\u003dC:\\Users\\gonza\\AppData\\Local\\Android\\Sdk\\ndk\\27.0.12077973\\build\\cmake\\android.toolchain.cmake",
    "-DCMAKE_MAKE_PROGRAM\u003dC:\\Users\\gonza\\AppData\\Local\\Android\\Sdk\\cmake\\3.22.1\\bin\\ninja.exe",
    "-DCMAKE_LIBRARY_OUTPUT_DIRECTORY\u003dC:\\zara\\bankaio\\build\\app\\intermediates\\cxx\\Debug\\1d124y4q\\obj\\x86_64",
    "-DCMAKE_RUNTIME_OUTPUT_DIRECTORY\u003dC:\\zara\\bankaio\\build\\app\\intermediates\\cxx\\Debug\\1d124y4q\\obj\\x86_64",
    "-DCMAKE_BUILD_TYPE\u003dDebug",
    "-BC:\\zara\\bankaio\\build\\.cxx\\Debug\\1d124y4q\\x86_64",
    "-GNinja",
    "-Wno-dev",
    "--no-warn-unused-cli"
  ],
  "intermediatesParentFolder": "C:\\zara\\bankaio\\build\\app\\intermediates\\cxx\\Debug\\1d124y4q"
}