{
	"configurations" : 
	[
		{
			"directories" : 
			[
				{
					"build" : ".",
					"jsonFile" : "directory-.-Debug-d0094a50bb2071803777.json",
					"minimumCMakeVersion" : 
					{
						"string" : "3.6.0"
					},
					"projectIndex" : 0,
					"source" : "."
				}
			],
			"name" : "Debug",
			"projects" : 
			[
				{
					"directoryIndexes" : 
					[
						0
					],
					"name" : "Project"
				}
			],
			"targets" : []
		}
	],
	"kind" : "codemodel",
	"paths" : 
	{
		"build" : "C:/zara/bankaio/build/.cxx/Debug/1d124y4q/arm64-v8a",
		"source" : "C:/flutter/packages/flutter_tools/gradle/src/main/scripts"
	},
	"version" : 
	{
		"major" : 2,
		"minor" : 3
	}
}
