[
    {
        "merged": "com.calispa.bankaio.app-debug-31:/mipmap-mdpi_ic_launcher.png.flat",
        "source": "com.calispa.bankaio.app-main-25:/mipmap-mdpi/ic_launcher.png"
    },
    {
        "merged": "com.calispa.bankaio.app-debug-31:/drawable-v21_launch_background.xml.flat",
        "source": "com.calispa.bankaio.app-main-25:/drawable-v21/launch_background.xml"
    },
    {
        "merged": "com.calispa.bankaio.app-debug-31:/mipmap-xhdpi_ic_launcher.png.flat",
        "source": "com.calispa.bankaio.app-main-25:/mipmap-xhdpi/ic_launcher.png"
    },
    {
        "merged": "com.calispa.bankaio.app-debug-31:/mipmap-hdpi_ic_launcher.png.flat",
        "source": "com.calispa.bankaio.app-main-25:/mipmap-hdpi/ic_launcher.png"
    },
    {
        "merged": "com.calispa.bankaio.app-debug-31:/mipmap-xxhdpi_ic_launcher.png.flat",
        "source": "com.calispa.bankaio.app-main-25:/mipmap-xxhdpi/ic_launcher.png"
    },
    {
        "merged": "com.calispa.bankaio.app-debug-31:/mipmap-xxxhdpi_ic_launcher.png.flat",
        "source": "com.calispa.bankaio.app-main-25:/mipmap-xxxhdpi/ic_launcher.png"
    }
]