[
  {
    "level_": 0,
    "message_": "Start JSON generation. Platform version: 21 min SDK version: x86",
    "file_": "C:\\flutter\\packages\\flutter_tools\\gradle\\src\\main\\scripts\\CMakeLists.txt",
    "tag_": "profile|x86",
    "diagnosticCode_": 0,
    "memoizedIsInitialized": 1,
    "unknownFields": {
      "fields": {}
    },
    "memoizedSize": -1,
    "memoizedHashCode": 0
  },
  {
    "level_": 0,
    "message_": "JSON \u0027C:\\zara\\bankaio\\build\\.cxx\\Debug\\1d124y4q\\x86\\android_gradle_build.json\u0027 was up-to-date",
    "file_": "C:\\flutter\\packages\\flutter_tools\\gradle\\src\\main\\scripts\\CMakeLists.txt",
    "tag_": "profile|x86",
    "diagnosticCode_": 0,
    "memoizedIsInitialized": 1,
    "unknownFields": {
      "fields": {}
    },
    "memoizedSize": -1,
    "memoizedHashCode": 0
  },
  {
    "level_": 0,
    "message_": "JSON generation completed without problems",
    "file_": "C:\\flutter\\packages\\flutter_tools\\gradle\\src\\main\\scripts\\CMakeLists.txt",
    "tag_": "profile|x86",
    "diagnosticCode_": 0,
    "memoizedIsInitialized": 1,
    "unknownFields": {
      "fields": {}
    },
    "memoizedSize": -1,
    "memoizedHashCode": 0
  }
]