{
  "configVersion": 2,
  "packages": [
    {
      "name": "_flutterfire_internals",
      "rootUri": "file:///C:/Users/gonza/AppData/Local/Pub/Cache/hosted/pub.dev/_flutterfire_internals-1.3.35",
      "packageUri": "lib/",
      "languageVersion": "3.2"
    },
    {
      "name": "async",
      "rootUri": "file:///C:/Users/gonza/AppData/Local/Pub/Cache/hosted/pub.dev/async-2.13.0",
      "packageUri": "lib/",
      "languageVersion": "3.4"
    },
    {
      "name": "boolean_selector",
      "rootUri": "file:///C:/Users/gonza/AppData/Local/Pub/Cache/hosted/pub.dev/boolean_selector-2.1.2",
      "packageUri": "lib/",
      "languageVersion": "3.1"
    },
    {
      "name": "characters",
      "rootUri": "file:///C:/Users/gonza/AppData/Local/Pub/Cache/hosted/pub.dev/characters-1.4.0",
      "packageUri": "lib/",
      "languageVersion": "3.4"
    },
    {
      "name": "clock",
      "rootUri": "file:///C:/Users/gonza/AppData/Local/Pub/Cache/hosted/pub.dev/clock-1.1.2",
      "packageUri": "lib/",
      "languageVersion": "3.4"
    },
    {
      "name": "cloud_firestore",
      "rootUri": "file:///C:/Users/gonza/AppData/Local/Pub/Cache/hosted/pub.dev/cloud_firestore-4.17.5",
      "packageUri": "lib/",
      "languageVersion": "2.18"
    },
    {
      "name": "cloud_firestore_platform_interface",
      "rootUri": "file:///C:/Users/gonza/AppData/Local/Pub/Cache/hosted/pub.dev/cloud_firestore_platform_interface-6.2.5",
      "packageUri": "lib/",
      "languageVersion": "2.18"
    },
    {
      "name": "cloud_firestore_web",
      "rootUri": "file:///C:/Users/gonza/AppData/Local/Pub/Cache/hosted/pub.dev/cloud_firestore_web-3.12.5",
      "packageUri": "lib/",
      "languageVersion": "3.2"
    },
    {
      "name": "cloud_functions",
      "rootUri": "file:///C:/Users/gonza/AppData/Local/Pub/Cache/hosted/pub.dev/cloud_functions-4.7.6",
      "packageUri": "lib/",
      "languageVersion": "2.18"
    },
    {
      "name": "cloud_functions_platform_interface",
      "rootUri": "file:///C:/Users/gonza/AppData/Local/Pub/Cache/hosted/pub.dev/cloud_functions_platform_interface-5.5.28",
      "packageUri": "lib/",
      "languageVersion": "2.18"
    },
    {
      "name": "cloud_functions_web",
      "rootUri": "file:///C:/Users/gonza/AppData/Local/Pub/Cache/hosted/pub.dev/cloud_functions_web-4.9.6",
      "packageUri": "lib/",
      "languageVersion": "3.2"
    },
    {
      "name": "collection",
      "rootUri": "file:///C:/Users/gonza/AppData/Local/Pub/Cache/hosted/pub.dev/collection-1.19.1",
      "packageUri": "lib/",
      "languageVersion": "3.4"
    },
    {
      "name": "cupertino_icons",
      "rootUri": "file:///C:/Users/gonza/AppData/Local/Pub/Cache/hosted/pub.dev/cupertino_icons-1.0.8",
      "packageUri": "lib/",
      "languageVersion": "3.1"
    },
    {
      "name": "equatable",
      "rootUri": "file:///C:/Users/gonza/AppData/Local/Pub/Cache/hosted/pub.dev/equatable-2.0.7",
      "packageUri": "lib/",
      "languageVersion": "2.12"
    },
    {
      "name": "fake_async",
      "rootUri": "file:///C:/Users/gonza/AppData/Local/Pub/Cache/hosted/pub.dev/fake_async-1.3.3",
      "packageUri": "lib/",
      "languageVersion": "3.3"
    },
    {
      "name": "file",
      "rootUri": "file:///C:/Users/gonza/AppData/Local/Pub/Cache/hosted/pub.dev/file-7.0.1",
      "packageUri": "lib/",
      "languageVersion": "3.0"
    },
    {
      "name": "firebase_auth",
      "rootUri": "file:///C:/Users/gonza/AppData/Local/Pub/Cache/hosted/pub.dev/firebase_auth-4.20.0",
      "packageUri": "lib/",
      "languageVersion": "3.2"
    },
    {
      "name": "firebase_auth_platform_interface",
      "rootUri": "file:///C:/Users/gonza/AppData/Local/Pub/Cache/hosted/pub.dev/firebase_auth_platform_interface-7.3.0",
      "packageUri": "lib/",
      "languageVersion": "3.2"
    },
    {
      "name": "firebase_auth_web",
      "rootUri": "file:///C:/Users/gonza/AppData/Local/Pub/Cache/hosted/pub.dev/firebase_auth_web-5.12.0",
      "packageUri": "lib/",
      "languageVersion": "3.2"
    },
    {
      "name": "firebase_core",
      "rootUri": "file:///C:/Users/gonza/AppData/Local/Pub/Cache/hosted/pub.dev/firebase_core-2.32.0",
      "packageUri": "lib/",
      "languageVersion": "2.18"
    },
    {
      "name": "firebase_core_platform_interface",
      "rootUri": "file:///C:/Users/gonza/AppData/Local/Pub/Cache/hosted/pub.dev/firebase_core_platform_interface-5.4.0",
      "packageUri": "lib/",
      "languageVersion": "3.2"
    },
    {
      "name": "firebase_core_web",
      "rootUri": "file:///C:/Users/gonza/AppData/Local/Pub/Cache/hosted/pub.dev/firebase_core_web-2.17.5",
      "packageUri": "lib/",
      "languageVersion": "3.2"
    },
    {
      "name": "flutter",
      "rootUri": "file:///C:/flutter/packages/flutter",
      "packageUri": "lib/",
      "languageVersion": "3.7"
    },
    {
      "name": "flutter_driver",
      "rootUri": "file:///C:/flutter/packages/flutter_driver",
      "packageUri": "lib/",
      "languageVersion": "3.7"
    },
    {
      "name": "flutter_hooks",
      "rootUri": "file:///C:/Users/gonza/AppData/Local/Pub/Cache/hosted/pub.dev/flutter_hooks-0.20.5",
      "packageUri": "lib/",
      "languageVersion": "2.17"
    },
    {
      "name": "flutter_lints",
      "rootUri": "file:///C:/Users/gonza/AppData/Local/Pub/Cache/hosted/pub.dev/flutter_lints-5.0.0",
      "packageUri": "lib/",
      "languageVersion": "3.5"
    },
    {
      "name": "flutter_riverpod",
      "rootUri": "file:///C:/Users/gonza/AppData/Local/Pub/Cache/hosted/pub.dev/flutter_riverpod-2.6.1",
      "packageUri": "lib/",
      "languageVersion": "2.17"
    },
    {
      "name": "flutter_test",
      "rootUri": "file:///C:/flutter/packages/flutter_test",
      "packageUri": "lib/",
      "languageVersion": "3.7"
    },
    {
      "name": "flutter_web_plugins",
      "rootUri": "file:///C:/flutter/packages/flutter_web_plugins",
      "packageUri": "lib/",
      "languageVersion": "3.7"
    },
    {
      "name": "fuchsia_remote_debug_protocol",
      "rootUri": "file:///C:/flutter/packages/fuchsia_remote_debug_protocol",
      "packageUri": "lib/",
      "languageVersion": "3.7"
    },
    {
      "name": "go_router",
      "rootUri": "file:///C:/Users/gonza/AppData/Local/Pub/Cache/hosted/pub.dev/go_router-13.2.5",
      "packageUri": "lib/",
      "languageVersion": "3.2"
    },
    {
      "name": "hooks_riverpod",
      "rootUri": "file:///C:/Users/gonza/AppData/Local/Pub/Cache/hosted/pub.dev/hooks_riverpod-2.6.1",
      "packageUri": "lib/",
      "languageVersion": "2.17"
    },
    {
      "name": "http_parser",
      "rootUri": "file:///C:/Users/gonza/AppData/Local/Pub/Cache/hosted/pub.dev/http_parser-4.1.2",
      "packageUri": "lib/",
      "languageVersion": "3.4"
    },
    {
      "name": "integration_test",
      "rootUri": "file:///C:/flutter/packages/integration_test",
      "packageUri": "lib/",
      "languageVersion": "3.7"
    },
    {
      "name": "leak_tracker",
      "rootUri": "file:///C:/Users/gonza/AppData/Local/Pub/Cache/hosted/pub.dev/leak_tracker-10.0.9",
      "packageUri": "lib/",
      "languageVersion": "3.2"
    },
    {
      "name": "leak_tracker_flutter_testing",
      "rootUri": "file:///C:/Users/gonza/AppData/Local/Pub/Cache/hosted/pub.dev/leak_tracker_flutter_testing-3.0.9",
      "packageUri": "lib/",
      "languageVersion": "3.2"
    },
    {
      "name": "leak_tracker_testing",
      "rootUri": "file:///C:/Users/gonza/AppData/Local/Pub/Cache/hosted/pub.dev/leak_tracker_testing-3.0.1",
      "packageUri": "lib/",
      "languageVersion": "3.2"
    },
    {
      "name": "lints",
      "rootUri": "file:///C:/Users/gonza/AppData/Local/Pub/Cache/hosted/pub.dev/lints-5.1.1",
      "packageUri": "lib/",
      "languageVersion": "3.6"
    },
    {
      "name": "logging",
      "rootUri": "file:///C:/Users/gonza/AppData/Local/Pub/Cache/hosted/pub.dev/logging-1.3.0",
      "packageUri": "lib/",
      "languageVersion": "3.4"
    },
    {
      "name": "matcher",
      "rootUri": "file:///C:/Users/gonza/AppData/Local/Pub/Cache/hosted/pub.dev/matcher-0.12.17",
      "packageUri": "lib/",
      "languageVersion": "3.4"
    },
    {
      "name": "material_color_utilities",
      "rootUri": "file:///C:/Users/gonza/AppData/Local/Pub/Cache/hosted/pub.dev/material_color_utilities-0.11.1",
      "packageUri": "lib/",
      "languageVersion": "2.17"
    },
    {
      "name": "meta",
      "rootUri": "file:///C:/Users/gonza/AppData/Local/Pub/Cache/hosted/pub.dev/meta-1.16.0",
      "packageUri": "lib/",
      "languageVersion": "2.12"
    },
    {
      "name": "mocktail",
      "rootUri": "file:///C:/Users/gonza/AppData/Local/Pub/Cache/hosted/pub.dev/mocktail-1.0.4",
      "packageUri": "lib/",
      "languageVersion": "2.12"
    },
    {
      "name": "path",
      "rootUri": "file:///C:/Users/gonza/AppData/Local/Pub/Cache/hosted/pub.dev/path-1.9.1",
      "packageUri": "lib/",
      "languageVersion": "3.4"
    },
    {
      "name": "platform",
      "rootUri": "file:///C:/Users/gonza/AppData/Local/Pub/Cache/hosted/pub.dev/platform-3.1.6",
      "packageUri": "lib/",
      "languageVersion": "3.2"
    },
    {
      "name": "plugin_platform_interface",
      "rootUri": "file:///C:/Users/gonza/AppData/Local/Pub/Cache/hosted/pub.dev/plugin_platform_interface-2.1.8",
      "packageUri": "lib/",
      "languageVersion": "3.0"
    },
    {
      "name": "process",
      "rootUri": "file:///C:/Users/gonza/AppData/Local/Pub/Cache/hosted/pub.dev/process-5.0.3",
      "packageUri": "lib/",
      "languageVersion": "3.3"
    },
    {
      "name": "riverpod",
      "rootUri": "file:///C:/Users/gonza/AppData/Local/Pub/Cache/hosted/pub.dev/riverpod-2.6.1",
      "packageUri": "lib/",
      "languageVersion": "2.17"
    },
    {
      "name": "sky_engine",
      "rootUri": "file:///C:/flutter/bin/cache/pkg/sky_engine",
      "packageUri": "lib/",
      "languageVersion": "3.7"
    },
    {
      "name": "source_span",
      "rootUri": "file:///C:/Users/gonza/AppData/Local/Pub/Cache/hosted/pub.dev/source_span-1.10.1",
      "packageUri": "lib/",
      "languageVersion": "3.1"
    },
    {
      "name": "stack_trace",
      "rootUri": "file:///C:/Users/gonza/AppData/Local/Pub/Cache/hosted/pub.dev/stack_trace-1.12.1",
      "packageUri": "lib/",
      "languageVersion": "3.4"
    },
    {
      "name": "state_notifier",
      "rootUri": "file:///C:/Users/gonza/AppData/Local/Pub/Cache/hosted/pub.dev/state_notifier-1.0.0",
      "packageUri": "lib/",
      "languageVersion": "2.12"
    },
    {
      "name": "stream_channel",
      "rootUri": "file:///C:/Users/gonza/AppData/Local/Pub/Cache/hosted/pub.dev/stream_channel-2.1.4",
      "packageUri": "lib/",
      "languageVersion": "3.3"
    },
    {
      "name": "string_scanner",
      "rootUri": "file:///C:/Users/gonza/AppData/Local/Pub/Cache/hosted/pub.dev/string_scanner-1.4.1",
      "packageUri": "lib/",
      "languageVersion": "3.1"
    },
    {
      "name": "sync_http",
      "rootUri": "file:///C:/Users/gonza/AppData/Local/Pub/Cache/hosted/pub.dev/sync_http-0.3.1",
      "packageUri": "lib/",
      "languageVersion": "2.12"
    },
    {
      "name": "term_glyph",
      "rootUri": "file:///C:/Users/gonza/AppData/Local/Pub/Cache/hosted/pub.dev/term_glyph-1.2.2",
      "packageUri": "lib/",
      "languageVersion": "3.1"
    },
    {
      "name": "test_api",
      "rootUri": "file:///C:/Users/gonza/AppData/Local/Pub/Cache/hosted/pub.dev/test_api-0.7.4",
      "packageUri": "lib/",
      "languageVersion": "3.5"
    },
    {
      "name": "typed_data",
      "rootUri": "file:///C:/Users/gonza/AppData/Local/Pub/Cache/hosted/pub.dev/typed_data-1.4.0",
      "packageUri": "lib/",
      "languageVersion": "3.5"
    },
    {
      "name": "vector_math",
      "rootUri": "file:///C:/Users/gonza/AppData/Local/Pub/Cache/hosted/pub.dev/vector_math-2.1.4",
      "packageUri": "lib/",
      "languageVersion": "2.14"
    },
    {
      "name": "vm_service",
      "rootUri": "file:///C:/Users/gonza/AppData/Local/Pub/Cache/hosted/pub.dev/vm_service-15.0.0",
      "packageUri": "lib/",
      "languageVersion": "3.3"
    },
    {
      "name": "web",
      "rootUri": "file:///C:/Users/gonza/AppData/Local/Pub/Cache/hosted/pub.dev/web-0.5.1",
      "packageUri": "lib/",
      "languageVersion": "3.3"
    },
    {
      "name": "webdriver",
      "rootUri": "file:///C:/Users/gonza/AppData/Local/Pub/Cache/hosted/pub.dev/webdriver-3.1.0",
      "packageUri": "lib/",
      "languageVersion": "3.1"
    },
    {
      "name": "bankaio",
      "rootUri": "../",
      "packageUri": "lib/",
      "languageVersion": "3.8"
    }
  ],
  "generator": "pub",
  "generatorVersion": "3.8.1",
  "flutterRoot": "file:///C:/flutter",
  "flutterVersion": "3.32.1",
  "pubCache": "file:///C:/Users/gonza/AppData/Local/Pub/Cache"
}
