{
  "roots": [
    "bankaio"
  ],
  "packages": [
    {
      "name": "bankaio",
      "version": "1.0.0+1",
      "dependencies": [
        "cloud_firestore",
        "cloud_functions",
        "cupertino_icons",
        "equatable",
        "firebase_auth",
        "firebase_core",
        "flutter",
        "flutter_hooks",
        "flutter_riverpod",
        "go_router",
        "hooks_riverpod"
      ],
      "devDependencies": [
        "flutter_lints",
        "flutter_test",
        "integration_test",
        "mocktail"
      ]
    },
    {
      "name": "flutter_lints",
      "version": "5.0.0",
      "dependencies": [
        "lints"
      ]
    },
    {
      "name": "mocktail",
      "version": "1.0.4",
      "dependencies": [
        "collection",
        "matcher",
        "test_api"
      ]
    },
    {
      "name": "integration_test",
      "version": "0.0.0",
      "dependencies": [
        "async",
        "boolean_selector",
        "characters",
        "clock",
        "collection",
        "fake_async",
        "file",
        "flutter",
        "flutter_driver",
        "flutter_test",
        "leak_tracker",
        "leak_tracker_flutter_testing",
        "leak_tracker_testing",
        "matcher",
        "material_color_utilities",
        "meta",
        "path",
        "source_span",
        "stack_trace",
        "stream_channel",
        "string_scanner",
        "sync_http",
        "term_glyph",
        "test_api",
        "vector_math",
        "vm_service",
        "webdriver"
      ]
    },
    {
      "name": "flutter_test",
      "version": "0.0.0",
      "dependencies": [
        "async",
        "boolean_selector",
        "characters",
        "clock",
        "collection",
        "fake_async",
        "flutter",
        "leak_tracker",
        "leak_tracker_flutter_testing",
        "leak_tracker_testing",
        "matcher",
        "material_color_utilities",
        "meta",
        "path",
        "source_span",
        "stack_trace",
        "stream_channel",
        "string_scanner",
        "term_glyph",
        "test_api",
        "vector_math",
        "vm_service"
      ]
    },
    {
      "name": "cloud_functions",
      "version": "4.7.6",
      "dependencies": [
        "cloud_functions_platform_interface",
        "cloud_functions_web",
        "firebase_core",
        "firebase_core_platform_interface",
        "flutter"
      ]
    },
    {
      "name": "cloud_firestore",
      "version": "4.17.5",
      "dependencies": [
        "cloud_firestore_platform_interface",
        "cloud_firestore_web",
        "collection",
        "firebase_core",
        "firebase_core_platform_interface",
        "flutter",
        "meta"
      ]
    },
    {
      "name": "firebase_auth",
      "version": "4.20.0",
      "dependencies": [
        "firebase_auth_platform_interface",
        "firebase_auth_web",
        "firebase_core",
        "firebase_core_platform_interface",
        "flutter",
        "meta"
      ]
    },
    {
      "name": "firebase_core",
      "version": "2.32.0",
      "dependencies": [
        "firebase_core_platform_interface",
        "firebase_core_web",
        "flutter",
        "meta"
      ]
    },
    {
      "name": "cupertino_icons",
      "version": "1.0.8",
      "dependencies": []
    },
    {
      "name": "go_router",
      "version": "13.2.5",
      "dependencies": [
        "collection",
        "flutter",
        "flutter_web_plugins",
        "logging",
        "meta"
      ]
    },
    {
      "name": "flutter_hooks",
      "version": "0.20.5",
      "dependencies": [
        "flutter"
      ]
    },
    {
      "name": "hooks_riverpod",
      "version": "2.6.1",
      "dependencies": [
        "collection",
        "flutter",
        "flutter_hooks",
        "flutter_riverpod",
        "riverpod",
        "state_notifier"
      ]
    },
    {
      "name": "flutter_riverpod",
      "version": "2.6.1",
      "dependencies": [
        "collection",
        "flutter",
        "meta",
        "riverpod",
        "state_notifier"
      ]
    },
    {
      "name": "equatable",
      "version": "2.0.7",
      "dependencies": [
        "collection",
        "meta"
      ]
    },
    {
      "name": "flutter",
      "version": "0.0.0",
      "dependencies": [
        "characters",
        "collection",
        "material_color_utilities",
        "meta",
        "sky_engine",
        "vector_math"
      ]
    },
    {
      "name": "lints",
      "version": "5.1.1",
      "dependencies": []
    },
    {
      "name": "test_api",
      "version": "0.7.4",
      "dependencies": [
        "async",
        "boolean_selector",
        "collection",
        "meta",
        "source_span",
        "stack_trace",
        "stream_channel",
        "string_scanner",
        "term_glyph"
      ]
    },
    {
      "name": "matcher",
      "version": "0.12.17",
      "dependencies": [
        "async",
        "meta",
        "stack_trace",
        "term_glyph",
        "test_api"
      ]
    },
    {
      "name": "collection",
      "version": "1.19.1",
      "dependencies": []
    },
    {
      "name": "webdriver",
      "version": "3.1.0",
      "dependencies": [
        "matcher",
        "path",
        "stack_trace",
        "sync_http"
      ]
    },
    {
      "name": "vector_math",
      "version": "2.1.4",
      "dependencies": []
    },
    {
      "name": "term_glyph",
      "version": "1.2.2",
      "dependencies": []
    },
    {
      "name": "sync_http",
      "version": "0.3.1",
      "dependencies": []
    },
    {
      "name": "string_scanner",
      "version": "1.4.1",
      "dependencies": [
        "source_span"
      ]
    },
    {
      "name": "stream_channel",
      "version": "2.1.4",
      "dependencies": [
        "async"
      ]
    },
    {
      "name": "stack_trace",
      "version": "1.12.1",
      "dependencies": [
        "path"
      ]
    },
    {
      "name": "source_span",
      "version": "1.10.1",
      "dependencies": [
        "collection",
        "path",
        "term_glyph"
      ]
    },
    {
      "name": "meta",
      "version": "1.16.0",
      "dependencies": []
    },
    {
      "name": "material_color_utilities",
      "version": "0.11.1",
      "dependencies": [
        "collection"
      ]
    },
    {
      "name": "leak_tracker_testing",
      "version": "3.0.1",
      "dependencies": [
        "leak_tracker",
        "matcher",
        "meta"
      ]
    },
    {
      "name": "leak_tracker_flutter_testing",
      "version": "3.0.9",
      "dependencies": [
        "flutter",
        "leak_tracker",
        "leak_tracker_testing",
        "matcher",
        "meta"
      ]
    },
    {
      "name": "leak_tracker",
      "version": "10.0.9",
      "dependencies": [
        "clock",
        "collection",
        "meta",
        "path",
        "vm_service"
      ]
    },
    {
      "name": "file",
      "version": "7.0.1",
      "dependencies": [
        "meta",
        "path"
      ]
    },
    {
      "name": "fake_async",
      "version": "1.3.3",
      "dependencies": [
        "clock",
        "collection"
      ]
    },
    {
      "name": "clock",
      "version": "1.1.2",
      "dependencies": []
    },
    {
      "name": "characters",
      "version": "1.4.0",
      "dependencies": []
    },
    {
      "name": "boolean_selector",
      "version": "2.1.2",
      "dependencies": [
        "source_span",
        "string_scanner"
      ]
    },
    {
      "name": "async",
      "version": "2.13.0",
      "dependencies": [
        "collection",
        "meta"
      ]
    },
    {
      "name": "vm_service",
      "version": "15.0.0",
      "dependencies": []
    },
    {
      "name": "path",
      "version": "1.9.1",
      "dependencies": []
    },
    {
      "name": "flutter_driver",
      "version": "0.0.0",
      "dependencies": [
        "async",
        "boolean_selector",
        "characters",
        "clock",
        "collection",
        "file",
        "flutter",
        "flutter_test",
        "fuchsia_remote_debug_protocol",
        "leak_tracker",
        "leak_tracker_flutter_testing",
        "leak_tracker_testing",
        "matcher",
        "material_color_utilities",
        "meta",
        "path",
        "platform",
        "process",
        "source_span",
        "stack_trace",
        "stream_channel",
        "string_scanner",
        "sync_http",
        "term_glyph",
        "test_api",
        "vector_math",
        "vm_service",
        "webdriver"
      ]
    },
    {
      "name": "firebase_core_platform_interface",
      "version": "5.4.0",
      "dependencies": [
        "collection",
        "flutter",
        "flutter_test",
        "meta",
        "plugin_platform_interface"
      ]
    },
    {
      "name": "cloud_functions_web",
      "version": "4.9.6",
      "dependencies": [
        "cloud_functions_platform_interface",
        "firebase_core",
        "firebase_core_web",
        "flutter",
        "flutter_web_plugins"
      ]
    },
    {
      "name": "cloud_functions_platform_interface",
      "version": "5.5.28",
      "dependencies": [
        "firebase_core",
        "flutter",
        "meta",
        "plugin_platform_interface"
      ]
    },
    {
      "name": "cloud_firestore_web",
      "version": "3.12.5",
      "dependencies": [
        "_flutterfire_internals",
        "cloud_firestore_platform_interface",
        "collection",
        "firebase_core",
        "firebase_core_web",
        "flutter",
        "flutter_web_plugins"
      ]
    },
    {
      "name": "cloud_firestore_platform_interface",
      "version": "6.2.5",
      "dependencies": [
        "_flutterfire_internals",
        "collection",
        "firebase_core",
        "flutter",
        "meta",
        "plugin_platform_interface"
      ]
    },
    {
      "name": "firebase_auth_web",
      "version": "5.12.0",
      "dependencies": [
        "firebase_auth_platform_interface",
        "firebase_core",
        "firebase_core_web",
        "flutter",
        "flutter_web_plugins",
        "http_parser",
        "meta",
        "web"
      ]
    },
    {
      "name": "firebase_auth_platform_interface",
      "version": "7.3.0",
      "dependencies": [
        "_flutterfire_internals",
        "collection",
        "firebase_core",
        "flutter",
        "meta",
        "plugin_platform_interface"
      ]
    },
    {
      "name": "firebase_core_web",
      "version": "2.17.5",
      "dependencies": [
        "firebase_core_platform_interface",
        "flutter",
        "flutter_web_plugins",
        "meta",
        "web"
      ]
    },
    {
      "name": "logging",
      "version": "1.3.0",
      "dependencies": []
    },
    {
      "name": "flutter_web_plugins",
      "version": "0.0.0",
      "dependencies": [
        "characters",
        "collection",
        "flutter",
        "material_color_utilities",
        "meta",
        "vector_math"
      ]
    },
    {
      "name": "state_notifier",
      "version": "1.0.0",
      "dependencies": [
        "meta"
      ]
    },
    {
      "name": "riverpod",
      "version": "2.6.1",
      "dependencies": [
        "collection",
        "meta",
        "stack_trace",
        "state_notifier"
      ]
    },
    {
      "name": "sky_engine",
      "version": "0.0.0",
      "dependencies": []
    },
    {
      "name": "process",
      "version": "5.0.3",
      "dependencies": [
        "file",
        "path",
        "platform"
      ]
    },
    {
      "name": "platform",
      "version": "3.1.6",
      "dependencies": []
    },
    {
      "name": "fuchsia_remote_debug_protocol",
      "version": "0.0.0",
      "dependencies": [
        "file",
        "meta",
        "path",
        "platform",
        "process",
        "vm_service"
      ]
    },
    {
      "name": "plugin_platform_interface",
      "version": "2.1.8",
      "dependencies": [
        "meta"
      ]
    },
    {
      "name": "_flutterfire_internals",
      "version": "1.3.35",
      "dependencies": [
        "collection",
        "firebase_core",
        "firebase_core_platform_interface",
        "flutter",
        "meta"
      ]
    },
    {
      "name": "web",
      "version": "0.5.1",
      "dependencies": []
    },
    {
      "name": "http_parser",
      "version": "4.1.2",
      "dependencies": [
        "collection",
        "source_span",
        "string_scanner",
        "typed_data"
      ]
    },
    {
      "name": "typed_data",
      "version": "1.4.0",
      "dependencies": [
        "collection"
      ]
    }
  ],
  "configVersion": 1
}