{"options":{"syntax":"proto3"},"nested":{"google":{"nested":{"protobuf":{"options":{"go_package":"google.golang.org/protobuf/types/descriptorpb","java_package":"com.google.protobuf","java_outer_classname":"DescriptorProtos","csharp_namespace":"Google.Protobuf.Reflection","objc_class_prefix":"GPB","cc_enable_arenas":true,"optimize_for":"SPEED"},"nested":{"Timestamp":{"fields":{"seconds":{"type":"int64","id":1},"nanos":{"type":"int32","id":2}}},"Struct":{"fields":{"fields":{"keyType":"string","type":"Value","id":1}}},"Value":{"oneofs":{"kind":{"oneof":["nullValue","numberValue","stringValue","boolValue","structValue","listValue"]}},"fields":{"nullValue":{"type":"NullValue","id":1},"numberValue":{"type":"double","id":2},"stringValue":{"type":"string","id":3},"boolValue":{"type":"bool","id":4},"structValue":{"type":"Struct","id":5},"listValue":{"type":"ListValue","id":6}}},"NullValue":{"values":{"NULL_VALUE":0}},"ListValue":{"fields":{"values":{"rule":"repeated","type":"Value","id":1}}},"FileDescriptorSet":{"fields":{"file":{"rule":"repeated","type":"FileDescriptorProto","id":1}}},"Edition":{"values":{"EDITION_UNKNOWN":0,"EDITION_PROTO2":998,"EDITION_PROTO3":999,"EDITION_2023":1e3,"EDITION_2024":1001,"EDITION_1_TEST_ONLY":1,"EDITION_2_TEST_ONLY":2,"EDITION_99997_TEST_ONLY":99997,"EDITION_99998_TEST_ONLY":99998,"EDITION_99999_TEST_ONLY":99999,"EDITION_MAX":2147483647}},"FileDescriptorProto":{"fields":{"name":{"type":"string","id":1},"package":{"type":"string","id":2},"dependency":{"rule":"repeated","type":"string","id":3},"publicDependency":{"rule":"repeated","type":"int32","id":10,"options":{"packed":false}},"weakDependency":{"rule":"repeated","type":"int32","id":11,"options":{"packed":false}},"messageType":{"rule":"repeated","type":"DescriptorProto","id":4},"enumType":{"rule":"repeated","type":"EnumDescriptorProto","id":5},"service":{"rule":"repeated","type":"ServiceDescriptorProto","id":6},"extension":{"rule":"repeated","type":"FieldDescriptorProto","id":7},"options":{"type":"FileOptions","id":8},"sourceCodeInfo":{"type":"SourceCodeInfo","id":9},"syntax":{"type":"string","id":12},"edition":{"type":"Edition","id":14}}},"DescriptorProto":{"fields":{"name":{"type":"string","id":1},"field":{"rule":"repeated","type":"FieldDescriptorProto","id":2},"extension":{"rule":"repeated","type":"FieldDescriptorProto","id":6},"nestedType":{"rule":"repeated","type":"DescriptorProto","id":3},"enumType":{"rule":"repeated","type":"EnumDescriptorProto","id":4},"extensionRange":{"rule":"repeated","type":"ExtensionRange","id":5},"oneofDecl":{"rule":"repeated","type":"OneofDescriptorProto","id":8},"options":{"type":"MessageOptions","id":7},"reservedRange":{"rule":"repeated","type":"ReservedRange","id":9},"reservedName":{"rule":"repeated","type":"string","id":10}},"nested":{"ExtensionRange":{"fields":{"start":{"type":"int32","id":1},"end":{"type":"int32","id":2},"options":{"type":"ExtensionRangeOptions","id":3}}},"ReservedRange":{"fields":{"start":{"type":"int32","id":1},"end":{"type":"int32","id":2}}}}},"ExtensionRangeOptions":{"fields":{"uninterpretedOption":{"rule":"repeated","type":"UninterpretedOption","id":999},"declaration":{"rule":"repeated","type":"Declaration","id":2,"options":{"retention":"RETENTION_SOURCE"}},"features":{"type":"FeatureSet","id":50},"verification":{"type":"VerificationState","id":3,"options":{"default":"UNVERIFIED","retention":"RETENTION_SOURCE"}}},"extensions":[[1e3,536870911]],"nested":{"Declaration":{"fields":{"number":{"type":"int32","id":1},"fullName":{"type":"string","id":2},"type":{"type":"string","id":3},"reserved":{"type":"bool","id":5},"repeated":{"type":"bool","id":6}},"reserved":[[4,4]]},"VerificationState":{"values":{"DECLARATION":0,"UNVERIFIED":1}}}},"FieldDescriptorProto":{"fields":{"name":{"type":"string","id":1},"number":{"type":"int32","id":3},"label":{"type":"Label","id":4},"type":{"type":"Type","id":5},"typeName":{"type":"string","id":6},"extendee":{"type":"string","id":2},"defaultValue":{"type":"string","id":7},"oneofIndex":{"type":"int32","id":9},"jsonName":{"type":"string","id":10},"options":{"type":"FieldOptions","id":8},"proto3Optional":{"type":"bool","id":17}},"nested":{"Type":{"values":{"TYPE_DOUBLE":1,"TYPE_FLOAT":2,"TYPE_INT64":3,"TYPE_UINT64":4,"TYPE_INT32":5,"TYPE_FIXED64":6,"TYPE_FIXED32":7,"TYPE_BOOL":8,"TYPE_STRING":9,"TYPE_GROUP":10,"TYPE_MESSAGE":11,"TYPE_BYTES":12,"TYPE_UINT32":13,"TYPE_ENUM":14,"TYPE_SFIXED32":15,"TYPE_SFIXED64":16,"TYPE_SINT32":17,"TYPE_SINT64":18}},"Label":{"values":{"LABEL_OPTIONAL":1,"LABEL_REPEATED":3,"LABEL_REQUIRED":2}}}},"OneofDescriptorProto":{"fields":{"name":{"type":"string","id":1},"options":{"type":"OneofOptions","id":2}}},"EnumDescriptorProto":{"fields":{"name":{"type":"string","id":1},"value":{"rule":"repeated","type":"EnumValueDescriptorProto","id":2},"options":{"type":"EnumOptions","id":3},"reservedRange":{"rule":"repeated","type":"EnumReservedRange","id":4},"reservedName":{"rule":"repeated","type":"string","id":5}},"nested":{"EnumReservedRange":{"fields":{"start":{"type":"int32","id":1},"end":{"type":"int32","id":2}}}}},"EnumValueDescriptorProto":{"fields":{"name":{"type":"string","id":1},"number":{"type":"int32","id":2},"options":{"type":"EnumValueOptions","id":3}}},"ServiceDescriptorProto":{"fields":{"name":{"type":"string","id":1},"method":{"rule":"repeated","type":"MethodDescriptorProto","id":2},"options":{"type":"ServiceOptions","id":3}}},"MethodDescriptorProto":{"fields":{"name":{"type":"string","id":1},"inputType":{"type":"string","id":2},"outputType":{"type":"string","id":3},"options":{"type":"MethodOptions","id":4},"clientStreaming":{"type":"bool","id":5,"options":{"default":false}},"serverStreaming":{"type":"bool","id":6,"options":{"default":false}}}},"FileOptions":{"fields":{"javaPackage":{"type":"string","id":1},"javaOuterClassname":{"type":"string","id":8},"javaMultipleFiles":{"type":"bool","id":10,"options":{"default":false}},"javaGenerateEqualsAndHash":{"type":"bool","id":20,"options":{"deprecated":true}},"javaStringCheckUtf8":{"type":"bool","id":27,"options":{"default":false}},"optimizeFor":{"type":"OptimizeMode","id":9,"options":{"default":"SPEED"}},"goPackage":{"type":"string","id":11},"ccGenericServices":{"type":"bool","id":16,"options":{"default":false}},"javaGenericServices":{"type":"bool","id":17,"options":{"default":false}},"pyGenericServices":{"type":"bool","id":18,"options":{"default":false}},"deprecated":{"type":"bool","id":23,"options":{"default":false}},"ccEnableArenas":{"type":"bool","id":31,"options":{"default":true}},"objcClassPrefix":{"type":"string","id":36},"csharpNamespace":{"type":"string","id":37},"swiftPrefix":{"type":"string","id":39},"phpClassPrefix":{"type":"string","id":40},"phpNamespace":{"type":"string","id":41},"phpMetadataNamespace":{"type":"string","id":44},"rubyPackage":{"type":"string","id":45},"features":{"type":"FeatureSet","id":50},"uninterpretedOption":{"rule":"repeated","type":"UninterpretedOption","id":999}},"extensions":[[1e3,536870911]],"reserved":[[42,42],[38,38]],"nested":{"OptimizeMode":{"values":{"SPEED":1,"CODE_SIZE":2,"LITE_RUNTIME":3}}}},"MessageOptions":{"fields":{"messageSetWireFormat":{"type":"bool","id":1,"options":{"default":false}},"noStandardDescriptorAccessor":{"type":"bool","id":2,"options":{"default":false}},"deprecated":{"type":"bool","id":3,"options":{"default":false}},"mapEntry":{"type":"bool","id":7},"deprecatedLegacyJsonFieldConflicts":{"type":"bool","id":11,"options":{"deprecated":true}},"features":{"type":"FeatureSet","id":12},"uninterpretedOption":{"rule":"repeated","type":"UninterpretedOption","id":999}},"extensions":[[1e3,536870911]],"reserved":[[4,4],[5,5],[6,6],[8,8],[9,9]]},"FieldOptions":{"fields":{"ctype":{"type":"CType","id":1,"options":{"default":"STRING"}},"packed":{"type":"bool","id":2},"jstype":{"type":"JSType","id":6,"options":{"default":"JS_NORMAL"}},"lazy":{"type":"bool","id":5,"options":{"default":false}},"unverifiedLazy":{"type":"bool","id":15,"options":{"default":false}},"deprecated":{"type":"bool","id":3,"options":{"default":false}},"weak":{"type":"bool","id":10,"options":{"default":false}},"debugRedact":{"type":"bool","id":16,"options":{"default":false}},"retention":{"type":"OptionRetention","id":17},"targets":{"rule":"repeated","type":"OptionTargetType","id":19,"options":{"packed":false}},"editionDefaults":{"rule":"repeated","type":"EditionDefault","id":20},"features":{"type":"FeatureSet","id":21},"uninterpretedOption":{"rule":"repeated","type":"UninterpretedOption","id":999}},"extensions":[[1e3,536870911]],"reserved":[[4,4],[18,18]],"nested":{"CType":{"values":{"STRING":0,"CORD":1,"STRING_PIECE":2}},"JSType":{"values":{"JS_NORMAL":0,"JS_STRING":1,"JS_NUMBER":2}},"OptionRetention":{"values":{"RETENTION_UNKNOWN":0,"RETENTION_RUNTIME":1,"RETENTION_SOURCE":2}},"OptionTargetType":{"values":{"TARGET_TYPE_UNKNOWN":0,"TARGET_TYPE_FILE":1,"TARGET_TYPE_EXTENSION_RANGE":2,"TARGET_TYPE_MESSAGE":3,"TARGET_TYPE_FIELD":4,"TARGET_TYPE_ONEOF":5,"TARGET_TYPE_ENUM":6,"TARGET_TYPE_ENUM_ENTRY":7,"TARGET_TYPE_SERVICE":8,"TARGET_TYPE_METHOD":9}},"EditionDefault":{"fields":{"edition":{"type":"Edition","id":3},"value":{"type":"string","id":2}}}}},"OneofOptions":{"fields":{"features":{"type":"FeatureSet","id":1},"uninterpretedOption":{"rule":"repeated","type":"UninterpretedOption","id":999}},"extensions":[[1e3,536870911]]},"EnumOptions":{"fields":{"allowAlias":{"type":"bool","id":2},"deprecated":{"type":"bool","id":3,"options":{"default":false}},"deprecatedLegacyJsonFieldConflicts":{"type":"bool","id":6,"options":{"deprecated":true}},"features":{"type":"FeatureSet","id":7},"uninterpretedOption":{"rule":"repeated","type":"UninterpretedOption","id":999}},"extensions":[[1e3,536870911]],"reserved":[[5,5]]},"EnumValueOptions":{"fields":{"deprecated":{"type":"bool","id":1,"options":{"default":false}},"features":{"type":"FeatureSet","id":2},"debugRedact":{"type":"bool","id":3,"options":{"default":false}},"uninterpretedOption":{"rule":"repeated","type":"UninterpretedOption","id":999}},"extensions":[[1e3,536870911]]},"ServiceOptions":{"fields":{"features":{"type":"FeatureSet","id":34},"deprecated":{"type":"bool","id":33,"options":{"default":false}},"uninterpretedOption":{"rule":"repeated","type":"UninterpretedOption","id":999}},"extensions":[[1e3,536870911]]},"MethodOptions":{"fields":{"deprecated":{"type":"bool","id":33,"options":{"default":false}},"idempotencyLevel":{"type":"IdempotencyLevel","id":34,"options":{"default":"IDEMPOTENCY_UNKNOWN"}},"features":{"type":"FeatureSet","id":35},"uninterpretedOption":{"rule":"repeated","type":"UninterpretedOption","id":999}},"extensions":[[1e3,536870911]],"nested":{"IdempotencyLevel":{"values":{"IDEMPOTENCY_UNKNOWN":0,"NO_SIDE_EFFECTS":1,"IDEMPOTENT":2}}}},"UninterpretedOption":{"fields":{"name":{"rule":"repeated","type":"NamePart","id":2},"identifierValue":{"type":"string","id":3},"positiveIntValue":{"type":"uint64","id":4},"negativeIntValue":{"type":"int64","id":5},"doubleValue":{"type":"double","id":6},"stringValue":{"type":"bytes","id":7},"aggregateValue":{"type":"string","id":8}},"nested":{"NamePart":{"fields":{"namePart":{"rule":"required","type":"string","id":1},"isExtension":{"rule":"required","type":"bool","id":2}}}}},"FeatureSet":{"fields":{"fieldPresence":{"type":"FieldPresence","id":1,"options":{"retention":"RETENTION_RUNTIME","targets":"TARGET_TYPE_FILE","edition_defaults.edition":"EDITION_2023","edition_defaults.value":"EXPLICIT"}},"enumType":{"type":"EnumType","id":2,"options":{"retention":"RETENTION_RUNTIME","targets":"TARGET_TYPE_FILE","edition_defaults.edition":"EDITION_PROTO3","edition_defaults.value":"OPEN"}},"repeatedFieldEncoding":{"type":"RepeatedFieldEncoding","id":3,"options":{"retention":"RETENTION_RUNTIME","targets":"TARGET_TYPE_FILE","edition_defaults.edition":"EDITION_PROTO3","edition_defaults.value":"PACKED"}},"utf8Validation":{"type":"Utf8Validation","id":4,"options":{"retention":"RETENTION_RUNTIME","targets":"TARGET_TYPE_FILE","edition_defaults.edition":"EDITION_PROTO3","edition_defaults.value":"VERIFY"}},"messageEncoding":{"type":"MessageEncoding","id":5,"options":{"retention":"RETENTION_RUNTIME","targets":"TARGET_TYPE_FILE","edition_defaults.edition":"EDITION_PROTO2","edition_defaults.value":"LENGTH_PREFIXED"}},"jsonFormat":{"type":"JsonFormat","id":6,"options":{"retention":"RETENTION_RUNTIME","targets":"TARGET_TYPE_FILE","edition_defaults.edition":"EDITION_PROTO3","edition_defaults.value":"ALLOW"}}},"extensions":[[1e3,1e3],[1001,1001],[1002,1002],[9995,9999],[1e4,1e4]],"reserved":[[999,999]],"nested":{"FieldPresence":{"values":{"FIELD_PRESENCE_UNKNOWN":0,"EXPLICIT":1,"IMPLICIT":2,"LEGACY_REQUIRED":3}},"EnumType":{"values":{"ENUM_TYPE_UNKNOWN":0,"OPEN":1,"CLOSED":2}},"RepeatedFieldEncoding":{"values":{"REPEATED_FIELD_ENCODING_UNKNOWN":0,"PACKED":1,"EXPANDED":2}},"Utf8Validation":{"values":{"UTF8_VALIDATION_UNKNOWN":0,"VERIFY":2,"NONE":3}},"MessageEncoding":{"values":{"MESSAGE_ENCODING_UNKNOWN":0,"LENGTH_PREFIXED":1,"DELIMITED":2}},"JsonFormat":{"values":{"JSON_FORMAT_UNKNOWN":0,"ALLOW":1,"LEGACY_BEST_EFFORT":2}}}},"FeatureSetDefaults":{"fields":{"defaults":{"rule":"repeated","type":"FeatureSetEditionDefault","id":1},"minimumEdition":{"type":"Edition","id":4},"maximumEdition":{"type":"Edition","id":5}},"nested":{"FeatureSetEditionDefault":{"fields":{"edition":{"type":"Edition","id":3},"features":{"type":"FeatureSet","id":2}}}}},"SourceCodeInfo":{"fields":{"location":{"rule":"repeated","type":"Location","id":1}},"nested":{"Location":{"fields":{"path":{"rule":"repeated","type":"int32","id":1},"span":{"rule":"repeated","type":"int32","id":2},"leadingComments":{"type":"string","id":3},"trailingComments":{"type":"string","id":4},"leadingDetachedComments":{"rule":"repeated","type":"string","id":6}}}}},"GeneratedCodeInfo":{"fields":{"annotation":{"rule":"repeated","type":"Annotation","id":1}},"nested":{"Annotation":{"fields":{"path":{"rule":"repeated","type":"int32","id":1},"sourceFile":{"type":"string","id":2},"begin":{"type":"int32","id":3},"end":{"type":"int32","id":4},"semantic":{"type":"Semantic","id":5}},"nested":{"Semantic":{"values":{"NONE":0,"SET":1,"ALIAS":2}}}}}},"Duration":{"fields":{"seconds":{"type":"int64","id":1},"nanos":{"type":"int32","id":2}}},"DoubleValue":{"fields":{"value":{"type":"double","id":1}}},"FloatValue":{"fields":{"value":{"type":"float","id":1}}},"Int64Value":{"fields":{"value":{"type":"int64","id":1}}},"UInt64Value":{"fields":{"value":{"type":"uint64","id":1}}},"Int32Value":{"fields":{"value":{"type":"int32","id":1}}},"UInt32Value":{"fields":{"value":{"type":"uint32","id":1}}},"BoolValue":{"fields":{"value":{"type":"bool","id":1}}},"StringValue":{"fields":{"value":{"type":"string","id":1}}},"BytesValue":{"fields":{"value":{"type":"bytes","id":1}}},"Empty":{"fields":{}},"Any":{"fields":{"type_url":{"type":"string","id":1},"value":{"type":"bytes","id":2}}},"FieldMask":{"fields":{"paths":{"rule":"repeated","type":"string","id":1}}}}},"firestore":{"nested":{"v1beta1":{"options":{"csharp_namespace":"Google.Cloud.Firestore.V1Beta1","go_package":"cloud.google.com/go/firestore/apiv1beta1/firestorepb;firestorepb","java_multiple_files":true,"java_outer_classname":"UndeliverableFirstGenEventProto","java_package":"com.google.firestore.v1beta1","objc_class_prefix":"GCFS","php_namespace":"Google\\Cloud\\Firestore\\V1beta1","ruby_package":"Google::Cloud::Firestore::V1beta1"},"nested":{"DocumentMask":{"fields":{"fieldPaths":{"rule":"repeated","type":"string","id":1}}},"Precondition":{"oneofs":{"conditionType":{"oneof":["exists","updateTime"]}},"fields":{"exists":{"type":"bool","id":1},"updateTime":{"type":"google.protobuf.Timestamp","id":2}}},"TransactionOptions":{"oneofs":{"mode":{"oneof":["readOnly","readWrite"]}},"fields":{"readOnly":{"type":"ReadOnly","id":2},"readWrite":{"type":"ReadWrite","id":3}},"nested":{"ReadWrite":{"fields":{"retryTransaction":{"type":"bytes","id":1}}},"ReadOnly":{"oneofs":{"consistencySelector":{"oneof":["readTime"]}},"fields":{"readTime":{"type":"google.protobuf.Timestamp","id":2}}}}},"Document":{"fields":{"name":{"type":"string","id":1},"fields":{"keyType":"string","type":"Value","id":2},"createTime":{"type":"google.protobuf.Timestamp","id":3},"updateTime":{"type":"google.protobuf.Timestamp","id":4}}},"Value":{"oneofs":{"valueType":{"oneof":["nullValue","booleanValue","integerValue","doubleValue","timestampValue","stringValue","bytesValue","referenceValue","geoPointValue","arrayValue","mapValue"]}},"fields":{"nullValue":{"type":"google.protobuf.NullValue","id":11},"booleanValue":{"type":"bool","id":1},"integerValue":{"type":"int64","id":2},"doubleValue":{"type":"double","id":3},"timestampValue":{"type":"google.protobuf.Timestamp","id":10},"stringValue":{"type":"string","id":17},"bytesValue":{"type":"bytes","id":18},"referenceValue":{"type":"string","id":5},"geoPointValue":{"type":"google.type.LatLng","id":8},"arrayValue":{"type":"ArrayValue","id":9},"mapValue":{"type":"MapValue","id":6}}},"ArrayValue":{"fields":{"values":{"rule":"repeated","type":"Value","id":1}}},"MapValue":{"fields":{"fields":{"keyType":"string","type":"Value","id":1}}},"Firestore":{"options":{"(google.api.default_host)":"firestore.googleapis.com","(google.api.oauth_scopes)":"https://www.googleapis.com/auth/cloud-platform,https://www.googleapis.com/auth/datastore"},"methods":{"GetDocument":{"requestType":"GetDocumentRequest","responseType":"Document","options":{"(google.api.http).get":"/v1beta1/{name=projects/*/databases/*/documents/*/**}"},"parsedOptions":[{"(google.api.http)":{"get":"/v1beta1/{name=projects/*/databases/*/documents/*/**}"}}]},"ListDocuments":{"requestType":"ListDocumentsRequest","responseType":"ListDocumentsResponse","options":{"(google.api.http).get":"/v1beta1/{parent=projects/*/databases/*/documents/*/**}/{collection_id}"},"parsedOptions":[{"(google.api.http)":{"get":"/v1beta1/{parent=projects/*/databases/*/documents/*/**}/{collection_id}"}}]},"UpdateDocument":{"requestType":"UpdateDocumentRequest","responseType":"Document","options":{"(google.api.http).patch":"/v1beta1/{document.name=projects/*/databases/*/documents/*/**}","(google.api.http).body":"document","(google.api.method_signature)":"document,update_mask"},"parsedOptions":[{"(google.api.http)":{"patch":"/v1beta1/{document.name=projects/*/databases/*/documents/*/**}","body":"document"}},{"(google.api.method_signature)":"document,update_mask"}]},"DeleteDocument":{"requestType":"DeleteDocumentRequest","responseType":"google.protobuf.Empty","options":{"(google.api.http).delete":"/v1beta1/{name=projects/*/databases/*/documents/*/**}","(google.api.method_signature)":"name"},"parsedOptions":[{"(google.api.http)":{"delete":"/v1beta1/{name=projects/*/databases/*/documents/*/**}"}},{"(google.api.method_signature)":"name"}]},"BatchGetDocuments":{"requestType":"BatchGetDocumentsRequest","responseType":"BatchGetDocumentsResponse","responseStream":true,"options":{"(google.api.http).post":"/v1beta1/{database=projects/*/databases/*}/documents:batchGet","(google.api.http).body":"*"},"parsedOptions":[{"(google.api.http)":{"post":"/v1beta1/{database=projects/*/databases/*}/documents:batchGet","body":"*"}}]},"BeginTransaction":{"requestType":"BeginTransactionRequest","responseType":"BeginTransactionResponse","options":{"(google.api.http).post":"/v1beta1/{database=projects/*/databases/*}/documents:beginTransaction","(google.api.http).body":"*","(google.api.method_signature)":"database"},"parsedOptions":[{"(google.api.http)":{"post":"/v1beta1/{database=projects/*/databases/*}/documents:beginTransaction","body":"*"}},{"(google.api.method_signature)":"database"}]},"Commit":{"requestType":"CommitRequest","responseType":"CommitResponse","options":{"(google.api.http).post":"/v1beta1/{database=projects/*/databases/*}/documents:commit","(google.api.http).body":"*","(google.api.method_signature)":"database,writes"},"parsedOptions":[{"(google.api.http)":{"post":"/v1beta1/{database=projects/*/databases/*}/documents:commit","body":"*"}},{"(google.api.method_signature)":"database,writes"}]},"Rollback":{"requestType":"RollbackRequest","responseType":"google.protobuf.Empty","options":{"(google.api.http).post":"/v1beta1/{database=projects/*/databases/*}/documents:rollback","(google.api.http).body":"*","(google.api.method_signature)":"database,transaction"},"parsedOptions":[{"(google.api.http)":{"post":"/v1beta1/{database=projects/*/databases/*}/documents:rollback","body":"*"}},{"(google.api.method_signature)":"database,transaction"}]},"RunQuery":{"requestType":"RunQueryRequest","responseType":"RunQueryResponse","responseStream":true,"options":{"(google.api.http).post":"/v1beta1/{parent=projects/*/databases/*/documents}:runQuery","(google.api.http).body":"*","(google.api.http).additional_bindings.post":"/v1beta1/{parent=projects/*/databases/*/documents/*/**}:runQuery","(google.api.http).additional_bindings.body":"*"},"parsedOptions":[{"(google.api.http)":{"post":"/v1beta1/{parent=projects/*/databases/*/documents}:runQuery","body":"*","additional_bindings":{"post":"/v1beta1/{parent=projects/*/databases/*/documents/*/**}:runQuery","body":"*"}}}]},"PartitionQuery":{"requestType":"PartitionQueryRequest","responseType":"PartitionQueryResponse","options":{"(google.api.http).post":"/v1beta1/{parent=projects/*/databases/*/documents}:partitionQuery","(google.api.http).body":"*","(google.api.http).additional_bindings.post":"/v1beta1/{parent=projects/*/databases/*/documents/*/**}:partitionQuery","(google.api.http).additional_bindings.body":"*"},"parsedOptions":[{"(google.api.http)":{"post":"/v1beta1/{parent=projects/*/databases/*/documents}:partitionQuery","body":"*","additional_bindings":{"post":"/v1beta1/{parent=projects/*/databases/*/documents/*/**}:partitionQuery","body":"*"}}}]},"Write":{"requestType":"WriteRequest","requestStream":true,"responseType":"WriteResponse","responseStream":true,"options":{"(google.api.http).post":"/v1beta1/{database=projects/*/databases/*}/documents:write","(google.api.http).body":"*"},"parsedOptions":[{"(google.api.http)":{"post":"/v1beta1/{database=projects/*/databases/*}/documents:write","body":"*"}}]},"Listen":{"requestType":"ListenRequest","requestStream":true,"responseType":"ListenResponse","responseStream":true,"options":{"(google.api.http).post":"/v1beta1/{database=projects/*/databases/*}/documents:listen","(google.api.http).body":"*"},"parsedOptions":[{"(google.api.http)":{"post":"/v1beta1/{database=projects/*/databases/*}/documents:listen","body":"*"}}]},"ListCollectionIds":{"requestType":"ListCollectionIdsRequest","responseType":"ListCollectionIdsResponse","options":{"(google.api.http).post":"/v1beta1/{parent=projects/*/databases/*/documents}:listCollectionIds","(google.api.http).body":"*","(google.api.http).additional_bindings.post":"/v1beta1/{parent=projects/*/databases/*/documents/*/**}:listCollectionIds","(google.api.http).additional_bindings.body":"*","(google.api.method_signature)":"parent"},"parsedOptions":[{"(google.api.http)":{"post":"/v1beta1/{parent=projects/*/databases/*/documents}:listCollectionIds","body":"*","additional_bindings":{"post":"/v1beta1/{parent=projects/*/databases/*/documents/*/**}:listCollectionIds","body":"*"}}},{"(google.api.method_signature)":"parent"}]},"BatchWrite":{"requestType":"BatchWriteRequest","responseType":"BatchWriteResponse","options":{"(google.api.http).post":"/v1beta1/{database=projects/*/databases/*}/documents:batchWrite","(google.api.http).body":"*"},"parsedOptions":[{"(google.api.http)":{"post":"/v1beta1/{database=projects/*/databases/*}/documents:batchWrite","body":"*"}}]},"CreateDocument":{"requestType":"CreateDocumentRequest","responseType":"Document","options":{"(google.api.http).post":"/v1beta1/{parent=projects/*/databases/*/documents/**}/{collection_id}","(google.api.http).body":"document"},"parsedOptions":[{"(google.api.http)":{"post":"/v1beta1/{parent=projects/*/databases/*/documents/**}/{collection_id}","body":"document"}}]}}},"GetDocumentRequest":{"oneofs":{"consistencySelector":{"oneof":["transaction","readTime"]}},"fields":{"name":{"type":"string","id":1,"options":{"(google.api.field_behavior)":"REQUIRED"}},"mask":{"type":"DocumentMask","id":2},"transaction":{"type":"bytes","id":3},"readTime":{"type":"google.protobuf.Timestamp","id":5}}},"ListDocumentsRequest":{"oneofs":{"consistencySelector":{"oneof":["transaction","readTime"]}},"fields":{"parent":{"type":"string","id":1,"options":{"(google.api.field_behavior)":"REQUIRED"}},"collectionId":{"type":"string","id":2,"options":{"(google.api.field_behavior)":"REQUIRED"}},"pageSize":{"type":"int32","id":3},"pageToken":{"type":"string","id":4},"orderBy":{"type":"string","id":6},"mask":{"type":"DocumentMask","id":7},"transaction":{"type":"bytes","id":8},"readTime":{"type":"google.protobuf.Timestamp","id":10},"showMissing":{"type":"bool","id":12}}},"ListDocumentsResponse":{"fields":{"documents":{"rule":"repeated","type":"Document","id":1},"nextPageToken":{"type":"string","id":2}}},"CreateDocumentRequest":{"fields":{"parent":{"type":"string","id":1,"options":{"(google.api.field_behavior)":"REQUIRED"}},"collectionId":{"type":"string","id":2,"options":{"(google.api.field_behavior)":"REQUIRED"}},"documentId":{"type":"string","id":3},"document":{"type":"Document","id":4,"options":{"(google.api.field_behavior)":"REQUIRED"}},"mask":{"type":"DocumentMask","id":5}}},"UpdateDocumentRequest":{"fields":{"document":{"type":"Document","id":1,"options":{"(google.api.field_behavior)":"REQUIRED"}},"updateMask":{"type":"DocumentMask","id":2},"mask":{"type":"DocumentMask","id":3},"currentDocument":{"type":"Precondition","id":4}}},"DeleteDocumentRequest":{"fields":{"name":{"type":"string","id":1,"options":{"(google.api.field_behavior)":"REQUIRED"}},"currentDocument":{"type":"Precondition","id":2}}},"BatchGetDocumentsRequest":{"oneofs":{"consistencySelector":{"oneof":["transaction","newTransaction","readTime"]}},"fields":{"database":{"type":"string","id":1,"options":{"(google.api.field_behavior)":"REQUIRED"}},"documents":{"rule":"repeated","type":"string","id":2},"mask":{"type":"DocumentMask","id":3},"transaction":{"type":"bytes","id":4},"newTransaction":{"type":"TransactionOptions","id":5},"readTime":{"type":"google.protobuf.Timestamp","id":7}}},"BatchGetDocumentsResponse":{"oneofs":{"result":{"oneof":["found","missing"]}},"fields":{"found":{"type":"Document","id":1},"missing":{"type":"string","id":2},"transaction":{"type":"bytes","id":3},"readTime":{"type":"google.protobuf.Timestamp","id":4}}},"BeginTransactionRequest":{"fields":{"database":{"type":"string","id":1,"options":{"(google.api.field_behavior)":"REQUIRED"}},"options":{"type":"TransactionOptions","id":2}}},"BeginTransactionResponse":{"fields":{"transaction":{"type":"bytes","id":1}}},"CommitRequest":{"fields":{"database":{"type":"string","id":1,"options":{"(google.api.field_behavior)":"REQUIRED"}},"writes":{"rule":"repeated","type":"Write","id":2},"transaction":{"type":"bytes","id":3}}},"CommitResponse":{"fields":{"writeResults":{"rule":"repeated","type":"WriteResult","id":1},"commitTime":{"type":"google.protobuf.Timestamp","id":2}}},"RollbackRequest":{"fields":{"database":{"type":"string","id":1,"options":{"(google.api.field_behavior)":"REQUIRED"}},"transaction":{"type":"bytes","id":2,"options":{"(google.api.field_behavior)":"REQUIRED"}}}},"RunQueryRequest":{"oneofs":{"queryType":{"oneof":["structuredQuery"]},"consistencySelector":{"oneof":["transaction","newTransaction","readTime"]}},"fields":{"parent":{"type":"string","id":1,"options":{"(google.api.field_behavior)":"REQUIRED"}},"structuredQuery":{"type":"StructuredQuery","id":2},"transaction":{"type":"bytes","id":5},"newTransaction":{"type":"TransactionOptions","id":6},"readTime":{"type":"google.protobuf.Timestamp","id":7}}},"RunQueryResponse":{"fields":{"transaction":{"type":"bytes","id":2},"document":{"type":"Document","id":1},"readTime":{"type":"google.protobuf.Timestamp","id":3},"skippedResults":{"type":"int32","id":4}}},"PartitionQueryRequest":{"oneofs":{"queryType":{"oneof":["structuredQuery"]}},"fields":{"parent":{"type":"string","id":1,"options":{"(google.api.field_behavior)":"REQUIRED"}},"structuredQuery":{"type":"StructuredQuery","id":2},"partitionCount":{"type":"int64","id":3},"pageToken":{"type":"string","id":4},"pageSize":{"type":"int32","id":5}}},"PartitionQueryResponse":{"fields":{"partitions":{"rule":"repeated","type":"Cursor","id":1},"nextPageToken":{"type":"string","id":2}}},"WriteRequest":{"fields":{"database":{"type":"string","id":1,"options":{"(google.api.field_behavior)":"REQUIRED"}},"streamId":{"type":"string","id":2},"writes":{"rule":"repeated","type":"Write","id":3},"streamToken":{"type":"bytes","id":4},"labels":{"keyType":"string","type":"string","id":5}}},"WriteResponse":{"fields":{"streamId":{"type":"string","id":1},"streamToken":{"type":"bytes","id":2},"writeResults":{"rule":"repeated","type":"WriteResult","id":3},"commitTime":{"type":"google.protobuf.Timestamp","id":4}}},"ListenRequest":{"oneofs":{"targetChange":{"oneof":["addTarget","removeTarget"]}},"fields":{"database":{"type":"string","id":1,"options":{"(google.api.field_behavior)":"REQUIRED"}},"addTarget":{"type":"Target","id":2},"removeTarget":{"type":"int32","id":3},"labels":{"keyType":"string","type":"string","id":4}}},"ListenResponse":{"oneofs":{"responseType":{"oneof":["targetChange","documentChange","documentDelete","documentRemove","filter"]}},"fields":{"targetChange":{"type":"TargetChange","id":2},"documentChange":{"type":"DocumentChange","id":3},"documentDelete":{"type":"DocumentDelete","id":4},"documentRemove":{"type":"DocumentRemove","id":6},"filter":{"type":"ExistenceFilter","id":5}}},"Target":{"oneofs":{"targetType":{"oneof":["query","documents"]},"resumeType":{"oneof":["resumeToken","readTime"]}},"fields":{"query":{"type":"QueryTarget","id":2},"documents":{"type":"DocumentsTarget","id":3},"resumeToken":{"type":"bytes","id":4},"readTime":{"type":"google.protobuf.Timestamp","id":11},"targetId":{"type":"int32","id":5},"once":{"type":"bool","id":6}},"nested":{"DocumentsTarget":{"fields":{"documents":{"rule":"repeated","type":"string","id":2}}},"QueryTarget":{"oneofs":{"queryType":{"oneof":["structuredQuery"]}},"fields":{"parent":{"type":"string","id":1},"structuredQuery":{"type":"StructuredQuery","id":2}}}}},"TargetChange":{"fields":{"targetChangeType":{"type":"TargetChangeType","id":1},"targetIds":{"rule":"repeated","type":"int32","id":2},"cause":{"type":"google.rpc.Status","id":3},"resumeToken":{"type":"bytes","id":4},"readTime":{"type":"google.protobuf.Timestamp","id":6}},"nested":{"TargetChangeType":{"values":{"NO_CHANGE":0,"ADD":1,"REMOVE":2,"CURRENT":3,"RESET":4}}}},"ListCollectionIdsRequest":{"fields":{"parent":{"type":"string","id":1,"options":{"(google.api.field_behavior)":"REQUIRED"}},"pageSize":{"type":"int32","id":2},"pageToken":{"type":"string","id":3}}},"ListCollectionIdsResponse":{"fields":{"collectionIds":{"rule":"repeated","type":"string","id":1},"nextPageToken":{"type":"string","id":2}}},"BatchWriteRequest":{"fields":{"database":{"type":"string","id":1,"options":{"(google.api.field_behavior)":"REQUIRED"}},"writes":{"rule":"repeated","type":"Write","id":2},"labels":{"keyType":"string","type":"string","id":3}}},"BatchWriteResponse":{"fields":{"writeResults":{"rule":"repeated","type":"WriteResult","id":1},"status":{"rule":"repeated","type":"google.rpc.Status","id":2}}},"StructuredQuery":{"fields":{"select":{"type":"Projection","id":1},"from":{"rule":"repeated","type":"CollectionSelector","id":2},"where":{"type":"Filter","id":3},"orderBy":{"rule":"repeated","type":"Order","id":4},"startAt":{"type":"Cursor","id":7},"endAt":{"type":"Cursor","id":8},"offset":{"type":"int32","id":6},"limit":{"type":"google.protobuf.Int32Value","id":5}},"nested":{"CollectionSelector":{"fields":{"collectionId":{"type":"string","id":2},"allDescendants":{"type":"bool","id":3}}},"Filter":{"oneofs":{"filterType":{"oneof":["compositeFilter","fieldFilter","unaryFilter"]}},"fields":{"compositeFilter":{"type":"CompositeFilter","id":1},"fieldFilter":{"type":"FieldFilter","id":2},"unaryFilter":{"type":"UnaryFilter","id":3}}},"CompositeFilter":{"fields":{"op":{"type":"Operator","id":1},"filters":{"rule":"repeated","type":"Filter","id":2}},"nested":{"Operator":{"values":{"OPERATOR_UNSPECIFIED":0,"AND":1}}}},"FieldFilter":{"fields":{"field":{"type":"FieldReference","id":1},"op":{"type":"Operator","id":2},"value":{"type":"Value","id":3}},"nested":{"Operator":{"values":{"OPERATOR_UNSPECIFIED":0,"LESS_THAN":1,"LESS_THAN_OR_EQUAL":2,"GREATER_THAN":3,"GREATER_THAN_OR_EQUAL":4,"EQUAL":5,"NOT_EQUAL":6,"ARRAY_CONTAINS":7,"IN":8,"ARRAY_CONTAINS_ANY":9,"NOT_IN":10}}}},"UnaryFilter":{"oneofs":{"operandType":{"oneof":["field"]}},"fields":{"op":{"type":"Operator","id":1},"field":{"type":"FieldReference","id":2}},"nested":{"Operator":{"values":{"OPERATOR_UNSPECIFIED":0,"IS_NAN":2,"IS_NULL":3,"IS_NOT_NAN":4,"IS_NOT_NULL":5}}}},"FieldReference":{"fields":{"fieldPath":{"type":"string","id":2}}},"Order":{"fields":{"field":{"type":"FieldReference","id":1},"direction":{"type":"Direction","id":2}}},"Projection":{"fields":{"fields":{"rule":"repeated","type":"FieldReference","id":2}}},"Direction":{"values":{"DIRECTION_UNSPECIFIED":0,"ASCENDING":1,"DESCENDING":2}}}},"Cursor":{"fields":{"values":{"rule":"repeated","type":"Value","id":1},"before":{"type":"bool","id":2}}},"Write":{"oneofs":{"operation":{"oneof":["update","delete","transform"]}},"fields":{"update":{"type":"Document","id":1},"delete":{"type":"string","id":2},"transform":{"type":"DocumentTransform","id":6},"updateMask":{"type":"DocumentMask","id":3},"updateTransforms":{"rule":"repeated","type":"DocumentTransform.FieldTransform","id":7},"currentDocument":{"type":"Precondition","id":4}}},"DocumentTransform":{"fields":{"document":{"type":"string","id":1},"fieldTransforms":{"rule":"repeated","type":"FieldTransform","id":2}},"nested":{"FieldTransform":{"oneofs":{"transformType":{"oneof":["setToServerValue","increment","maximum","minimum","appendMissingElements","removeAllFromArray"]}},"fields":{"fieldPath":{"type":"string","id":1},"setToServerValue":{"type":"ServerValue","id":2},"increment":{"type":"Value","id":3},"maximum":{"type":"Value","id":4},"minimum":{"type":"Value","id":5},"appendMissingElements":{"type":"ArrayValue","id":6},"removeAllFromArray":{"type":"ArrayValue","id":7}},"nested":{"ServerValue":{"values":{"SERVER_VALUE_UNSPECIFIED":0,"REQUEST_TIME":1}}}}}},"WriteResult":{"fields":{"updateTime":{"type":"google.protobuf.Timestamp","id":1},"transformResults":{"rule":"repeated","type":"Value","id":2}}},"DocumentChange":{"fields":{"document":{"type":"Document","id":1},"targetIds":{"rule":"repeated","type":"int32","id":5},"removedTargetIds":{"rule":"repeated","type":"int32","id":6}}},"DocumentDelete":{"fields":{"document":{"type":"string","id":1},"removedTargetIds":{"rule":"repeated","type":"int32","id":6},"readTime":{"type":"google.protobuf.Timestamp","id":4}}},"DocumentRemove":{"fields":{"document":{"type":"string","id":1},"removedTargetIds":{"rule":"repeated","type":"int32","id":2},"readTime":{"type":"google.protobuf.Timestamp","id":4}}},"ExistenceFilter":{"fields":{"targetId":{"type":"int32","id":1},"count":{"type":"int32","id":2}}},"UndeliverableFirstGenEvent":{"fields":{"message":{"type":"string","id":1},"reason":{"type":"Reason","id":2},"documentName":{"type":"string","id":3},"documentChangeType":{"type":"DocumentChangeType","id":4},"functionName":{"rule":"repeated","type":"string","id":5},"triggeredTime":{"type":"google.protobuf.Timestamp","id":6}},"nested":{"Reason":{"values":{"REASON_UNSPECIFIED":0,"EXCEEDING_SIZE_LIMIT":1}},"DocumentChangeType":{"values":{"DOCUMENT_CHANGE_TYPE_UNSPECIFIED":0,"CREATE":1,"DELETE":2,"UPDATE":3}}}}}}}},"type":{"options":{"cc_enable_arenas":true,"go_package":"google.golang.org/genproto/googleapis/type/dayofweek;dayofweek","java_multiple_files":true,"java_outer_classname":"DayOfWeekProto","java_package":"com.google.type","objc_class_prefix":"GTP"},"nested":{"LatLng":{"fields":{"latitude":{"type":"double","id":1},"longitude":{"type":"double","id":2}}},"DayOfWeek":{"values":{"DAY_OF_WEEK_UNSPECIFIED":0,"MONDAY":1,"TUESDAY":2,"WEDNESDAY":3,"THURSDAY":4,"FRIDAY":5,"SATURDAY":6,"SUNDAY":7}}}},"api":{"options":{"go_package":"google.golang.org/genproto/googleapis/api/annotations;annotations","java_multiple_files":true,"java_outer_classname":"ResourceProto","java_package":"com.google.api","objc_class_prefix":"GAPI","cc_enable_arenas":true},"nested":{"http":{"type":"HttpRule","id":72295728,"extend":"google.protobuf.MethodOptions"},"Http":{"fields":{"rules":{"rule":"repeated","type":"HttpRule","id":1},"fullyDecodeReservedExpansion":{"type":"bool","id":2}}},"HttpRule":{"oneofs":{"pattern":{"oneof":["get","put","post","delete","patch","custom"]}},"fields":{"selector":{"type":"string","id":1},"get":{"type":"string","id":2},"put":{"type":"string","id":3},"post":{"type":"string","id":4},"delete":{"type":"string","id":5},"patch":{"type":"string","id":6},"custom":{"type":"CustomHttpPattern","id":8},"body":{"type":"string","id":7},"responseBody":{"type":"string","id":12},"additionalBindings":{"rule":"repeated","type":"HttpRule","id":11}}},"CustomHttpPattern":{"fields":{"kind":{"type":"string","id":1},"path":{"type":"string","id":2}}},"methodSignature":{"rule":"repeated","type":"string","id":1051,"extend":"google.protobuf.MethodOptions"},"defaultHost":{"type":"string","id":1049,"extend":"google.protobuf.ServiceOptions"},"oauthScopes":{"type":"string","id":1050,"extend":"google.protobuf.ServiceOptions"},"apiVersion":{"type":"string","id":525000001,"extend":"google.protobuf.ServiceOptions"},"CommonLanguageSettings":{"fields":{"referenceDocsUri":{"type":"string","id":1,"options":{"deprecated":true}},"destinations":{"rule":"repeated","type":"ClientLibraryDestination","id":2},"selectiveGapicGeneration":{"type":"SelectiveGapicGeneration","id":3}}},"ClientLibrarySettings":{"fields":{"version":{"type":"string","id":1},"launchStage":{"type":"LaunchStage","id":2},"restNumericEnums":{"type":"bool","id":3},"javaSettings":{"type":"JavaSettings","id":21},"cppSettings":{"type":"CppSettings","id":22},"phpSettings":{"type":"PhpSettings","id":23},"pythonSettings":{"type":"PythonSettings","id":24},"nodeSettings":{"type":"NodeSettings","id":25},"dotnetSettings":{"type":"DotnetSettings","id":26},"rubySettings":{"type":"RubySettings","id":27},"goSettings":{"type":"GoSettings","id":28}}},"Publishing":{"fields":{"methodSettings":{"rule":"repeated","type":"MethodSettings","id":2},"newIssueUri":{"type":"string","id":101},"documentationUri":{"type":"string","id":102},"apiShortName":{"type":"string","id":103},"githubLabel":{"type":"string","id":104},"codeownerGithubTeams":{"rule":"repeated","type":"string","id":105},"docTagPrefix":{"type":"string","id":106},"organization":{"type":"ClientLibraryOrganization","id":107},"librarySettings":{"rule":"repeated","type":"ClientLibrarySettings","id":109},"protoReferenceDocumentationUri":{"type":"string","id":110},"restReferenceDocumentationUri":{"type":"string","id":111}}},"JavaSettings":{"fields":{"libraryPackage":{"type":"string","id":1},"serviceClassNames":{"keyType":"string","type":"string","id":2},"common":{"type":"CommonLanguageSettings","id":3}}},"CppSettings":{"fields":{"common":{"type":"CommonLanguageSettings","id":1}}},"PhpSettings":{"fields":{"common":{"type":"CommonLanguageSettings","id":1}}},"PythonSettings":{"fields":{"common":{"type":"CommonLanguageSettings","id":1},"experimentalFeatures":{"type":"ExperimentalFeatures","id":2}},"nested":{"ExperimentalFeatures":{"fields":{"restAsyncIoEnabled":{"type":"bool","id":1},"protobufPythonicTypesEnabled":{"type":"bool","id":2}}}}},"NodeSettings":{"fields":{"common":{"type":"CommonLanguageSettings","id":1}}},"DotnetSettings":{"fields":{"common":{"type":"CommonLanguageSettings","id":1},"renamedServices":{"keyType":"string","type":"string","id":2},"renamedResources":{"keyType":"string","type":"string","id":3},"ignoredResources":{"rule":"repeated","type":"string","id":4},"forcedNamespaceAliases":{"rule":"repeated","type":"string","id":5},"handwrittenSignatures":{"rule":"repeated","type":"string","id":6}}},"RubySettings":{"fields":{"common":{"type":"CommonLanguageSettings","id":1}}},"GoSettings":{"fields":{"common":{"type":"CommonLanguageSettings","id":1},"renamedServices":{"keyType":"string","type":"string","id":2}}},"MethodSettings":{"fields":{"selector":{"type":"string","id":1},"longRunning":{"type":"LongRunning","id":2},"autoPopulatedFields":{"rule":"repeated","type":"string","id":3}},"nested":{"LongRunning":{"fields":{"initialPollDelay":{"type":"google.protobuf.Duration","id":1},"pollDelayMultiplier":{"type":"float","id":2},"maxPollDelay":{"type":"google.protobuf.Duration","id":3},"totalPollTimeout":{"type":"google.protobuf.Duration","id":4}}}}},"ClientLibraryOrganization":{"values":{"CLIENT_LIBRARY_ORGANIZATION_UNSPECIFIED":0,"CLOUD":1,"ADS":2,"PHOTOS":3,"STREET_VIEW":4,"SHOPPING":5,"GEO":6,"GENERATIVE_AI":7}},"ClientLibraryDestination":{"values":{"CLIENT_LIBRARY_DESTINATION_UNSPECIFIED":0,"GITHUB":10,"PACKAGE_MANAGER":20}},"SelectiveGapicGeneration":{"fields":{"methods":{"rule":"repeated","type":"string","id":1},"generateOmittedAsInternal":{"type":"bool","id":2}}},"LaunchStage":{"values":{"LAUNCH_STAGE_UNSPECIFIED":0,"UNIMPLEMENTED":6,"PRELAUNCH":7,"EARLY_ACCESS":1,"ALPHA":2,"BETA":3,"GA":4,"DEPRECATED":5}},"fieldBehavior":{"rule":"repeated","type":"google.api.FieldBehavior","id":1052,"extend":"google.protobuf.FieldOptions","options":{"packed":false}},"FieldBehavior":{"values":{"FIELD_BEHAVIOR_UNSPECIFIED":0,"OPTIONAL":1,"REQUIRED":2,"OUTPUT_ONLY":3,"INPUT_ONLY":4,"IMMUTABLE":5,"UNORDERED_LIST":6,"NON_EMPTY_DEFAULT":7,"IDENTIFIER":8}},"resourceReference":{"type":"google.api.ResourceReference","id":1055,"extend":"google.protobuf.FieldOptions"},"resourceDefinition":{"rule":"repeated","type":"google.api.ResourceDescriptor","id":1053,"extend":"google.protobuf.FileOptions"},"resource":{"type":"google.api.ResourceDescriptor","id":1053,"extend":"google.protobuf.MessageOptions"},"ResourceDescriptor":{"fields":{"type":{"type":"string","id":1},"pattern":{"rule":"repeated","type":"string","id":2},"nameField":{"type":"string","id":3},"history":{"type":"History","id":4},"plural":{"type":"string","id":5},"singular":{"type":"string","id":6},"style":{"rule":"repeated","type":"Style","id":10}},"nested":{"History":{"values":{"HISTORY_UNSPECIFIED":0,"ORIGINALLY_SINGLE_PATTERN":1,"FUTURE_MULTI_PATTERN":2}},"Style":{"values":{"STYLE_UNSPECIFIED":0,"DECLARATIVE_FRIENDLY":1}}}},"ResourceReference":{"fields":{"type":{"type":"string","id":1},"childType":{"type":"string","id":2}}}}},"rpc":{"options":{"cc_enable_arenas":true,"go_package":"google.golang.org/genproto/googleapis/rpc/status;status","java_multiple_files":true,"java_outer_classname":"StatusProto","java_package":"com.google.rpc","objc_class_prefix":"RPC"},"nested":{"Status":{"fields":{"code":{"type":"int32","id":1},"message":{"type":"string","id":2},"details":{"rule":"repeated","type":"google.protobuf.Any","id":3}}}}}}}}}