{
    "logs": [
        {
            "outputFile": "com.calispa.bankaio.app-mergeDebugResources-29:/values-hi/values-hi.xml",
            "map": [
                {
                    "source": "C:\\Users\\gonza\\.gradle\\caches\\8.12\\transforms\\8411a046f9616658209ad8ea4a5d985f\\transformed\\browser-1.4.0\\res\\values-hi\\values-hi.xml",
                    "from": {
                        "startLines": "2,3,4,5",
                        "startColumns": "4,4,4,4",
                        "startOffsets": "55,161,263,375",
                        "endColumns": "105,101,111,102",
                        "endOffsets": "156,258,370,473"
                    },
                    "to": {
                        "startLines": "27,28,29,30",
                        "startColumns": "4,4,4,4",
                        "startOffsets": "3039,3145,3247,3359",
                        "endColumns": "105,101,111,102",
                        "endOffsets": "3140,3242,3354,3457"
                    }
                },
                {
                    "source": "C:\\Users\\gonza\\.gradle\\caches\\8.12\\transforms\\906adeab1fc54800ccbfe1f925d79fc0\\transformed\\jetified-play-services-basement-18.3.0\\res\\values-hi\\values.xml",
                    "from": {
                        "startLines": "4",
                        "startColumns": "0",
                        "startOffsets": "195",
                        "endColumns": "141",
                        "endOffsets": "336"
                    },
                    "to": {
                        "startLines": "17",
                        "startColumns": "4",
                        "startOffsets": "1819",
                        "endColumns": "145",
                        "endOffsets": "1960"
                    }
                },
                {
                    "source": "C:\\Users\\gonza\\.gradle\\caches\\8.12\\transforms\\62e42733fc48d7e4200114b93a9c82fb\\transformed\\core-1.13.1\\res\\values-hi\\values-hi.xml",
                    "from": {
                        "startLines": "2,3,4,5,6,7,8,9",
                        "startColumns": "4,4,4,4,4,4,4,4",
                        "startOffsets": "55,153,256,361,462,575,681,808",
                        "endColumns": "97,102,104,100,112,105,126,100",
                        "endOffsets": "148,251,356,457,570,676,803,904"
                    },
                    "to": {
                        "startLines": "2,3,4,5,6,7,8,31",
                        "startColumns": "4,4,4,4,4,4,4,4",
                        "startOffsets": "55,153,256,361,462,575,681,3462",
                        "endColumns": "97,102,104,100,112,105,126,100",
                        "endOffsets": "148,251,356,457,570,676,803,3558"
                    }
                },
                {
                    "source": "C:\\Users\\gonza\\.gradle\\caches\\8.12\\transforms\\61d3d4fe2dd837d40b39785170a0ad2d\\transformed\\jetified-play-services-base-18.1.0\\res\\values-hi\\values.xml",
                    "from": {
                        "startLines": "4,5,6,7,8,9,10,11,12,13,14,15,16,17,18,19,20",
                        "startColumns": "0,0,0,0,0,0,0,0,0,0,0,0,0,0,0,0,0",
                        "startOffsets": "193,297,453,575,683,830,956,1064,1172,1325,1430,1592,1718,1855,2004,2063,2126",
                        "endColumns": "103,155,121,107,146,125,107,107,152,104,161,125,136,148,58,62,83",
                        "endOffsets": "296,452,574,682,829,955,1063,1171,1324,1429,1591,1717,1854,2003,2062,2125,2209"
                    },
                    "to": {
                        "startLines": "9,10,11,12,13,14,15,16,18,19,20,21,22,23,24,25,26",
                        "startColumns": "4,4,4,4,4,4,4,4,4,4,4,4,4,4,4,4,4",
                        "startOffsets": "808,916,1076,1202,1314,1465,1595,1707,1965,2122,2231,2397,2527,2668,2821,2884,2951",
                        "endColumns": "107,159,125,111,150,129,111,111,156,108,165,129,140,152,62,66,87",
                        "endOffsets": "911,1071,1197,1309,1460,1590,1702,1814,2117,2226,2392,2522,2663,2816,2879,2946,3034"
                    }
                }
            ]
        }
    ]
}