{
    "logs": [
        {
            "outputFile": "com.calispa.bankaio.app-mergeDebugResources-29:/values-zh-rHK/values-zh-rHK.xml",
            "map": [
                {
                    "source": "C:\\Users\\gonza\\.gradle\\caches\\8.12\\transforms\\8411a046f9616658209ad8ea4a5d985f\\transformed\\browser-1.4.0\\res\\values-zh-rHK\\values-zh-rHK.xml",
                    "from": {
                        "startLines": "2,3,4,5",
                        "startColumns": "4,4,4,4",
                        "startOffsets": "55,138,230,331",
                        "endColumns": "82,91,100,92",
                        "endOffsets": "133,225,326,419"
                    },
                    "to": {
                        "startLines": "27,28,29,30",
                        "startColumns": "4,4,4,4",
                        "startOffsets": "2542,2625,2717,2818",
                        "endColumns": "82,91,100,92",
                        "endOffsets": "2620,2712,2813,2906"
                    }
                },
                {
                    "source": "C:\\Users\\gonza\\.gradle\\caches\\8.12\\transforms\\61d3d4fe2dd837d40b39785170a0ad2d\\transformed\\jetified-play-services-base-18.1.0\\res\\values-zh-rHK\\values.xml",
                    "from": {
                        "startLines": "4,5,6,7,8,9,10,11,12,13,14,15,16,17,18,19,20",
                        "startColumns": "0,0,0,0,0,0,0,0,0,0,0,0,0,0,0,0,0",
                        "startOffsets": "197,294,418,529,627,730,842,940,1029,1135,1232,1357,1468,1571,1675,1726,1779",
                        "endColumns": "96,123,110,97,102,111,97,88,105,96,124,110,102,103,50,52,67",
                        "endOffsets": "293,417,528,626,729,841,939,1028,1134,1231,1356,1467,1570,1674,1725,1778,1846"
                    },
                    "to": {
                        "startLines": "9,10,11,12,13,14,15,16,18,19,20,21,22,23,24,25,26",
                        "startColumns": "4,4,4,4,4,4,4,4,4,4,4,4,4,4,4,4,4",
                        "startOffsets": "716,817,945,1060,1162,1269,1385,1487,1688,1798,1899,2028,2143,2250,2358,2413,2470",
                        "endColumns": "100,127,114,101,106,115,101,92,109,100,128,114,106,107,54,56,71",
                        "endOffsets": "812,940,1055,1157,1264,1380,1482,1575,1793,1894,2023,2138,2245,2353,2408,2465,2537"
                    }
                },
                {
                    "source": "C:\\Users\\gonza\\.gradle\\caches\\8.12\\transforms\\62e42733fc48d7e4200114b93a9c82fb\\transformed\\core-1.13.1\\res\\values-zh-rHK\\values-zh-rHK.xml",
                    "from": {
                        "startLines": "2,3,4,5,6,7,8,9",
                        "startColumns": "4,4,4,4,4,4,4,4",
                        "startOffsets": "55,147,246,340,434,527,620,716",
                        "endColumns": "91,98,93,93,92,92,95,100",
                        "endOffsets": "142,241,335,429,522,615,711,812"
                    },
                    "to": {
                        "startLines": "2,3,4,5,6,7,8,31",
                        "startColumns": "4,4,4,4,4,4,4,4",
                        "startOffsets": "55,147,246,340,434,527,620,2911",
                        "endColumns": "91,98,93,93,92,92,95,100",
                        "endOffsets": "142,241,335,429,522,615,711,3007"
                    }
                },
                {
                    "source": "C:\\Users\\gonza\\.gradle\\caches\\8.12\\transforms\\906adeab1fc54800ccbfe1f925d79fc0\\transformed\\jetified-play-services-basement-18.3.0\\res\\values-zh-rHK\\values.xml",
                    "from": {
                        "startLines": "4",
                        "startColumns": "0",
                        "startOffsets": "199",
                        "endColumns": "103",
                        "endOffsets": "302"
                    },
                    "to": {
                        "startLines": "17",
                        "startColumns": "4",
                        "startOffsets": "1580",
                        "endColumns": "107",
                        "endOffsets": "1683"
                    }
                }
            ]
        }
    ]
}