{
    "logs": [
        {
            "outputFile": "com.calispa.bankaio.app-mergeDebugResources-29:/values-kk/values-kk.xml",
            "map": [
                {
                    "source": "C:\\Users\\gonza\\.gradle\\caches\\8.12\\transforms\\906adeab1fc54800ccbfe1f925d79fc0\\transformed\\jetified-play-services-basement-18.3.0\\res\\values-kk\\values.xml",
                    "from": {
                        "startLines": "4",
                        "startColumns": "0",
                        "startOffsets": "195",
                        "endColumns": "159",
                        "endOffsets": "354"
                    },
                    "to": {
                        "startLines": "17",
                        "startColumns": "4",
                        "startOffsets": "1755",
                        "endColumns": "163",
                        "endOffsets": "1914"
                    }
                },
                {
                    "source": "C:\\Users\\gonza\\.gradle\\caches\\8.12\\transforms\\61d3d4fe2dd837d40b39785170a0ad2d\\transformed\\jetified-play-services-base-18.1.0\\res\\values-kk\\values.xml",
                    "from": {
                        "startLines": "4,5,6,7,8,9,10,11,12,13,14,15,16,17,18,19,20",
                        "startColumns": "0,0,0,0,0,0,0,0,0,0,0,0,0,0,0,0,0",
                        "startOffsets": "193,292,441,563,665,801,923,1042,1147,1308,1410,1563,1688,1837,1990,2049,2104",
                        "endColumns": "98,148,121,101,135,121,118,104,160,101,152,124,148,152,58,54,73",
                        "endOffsets": "291,440,562,664,800,922,1041,1146,1307,1409,1562,1687,1836,1989,2048,2103,2177"
                    },
                    "to": {
                        "startLines": "9,10,11,12,13,14,15,16,18,19,20,21,22,23,24,25,26",
                        "startColumns": "4,4,4,4,4,4,4,4,4,4,4,4,4,4,4,4,4",
                        "startOffsets": "769,872,1025,1151,1257,1397,1523,1646,1919,2084,2190,2347,2476,2629,2786,2849,2908",
                        "endColumns": "102,152,125,105,139,125,122,108,164,105,156,128,152,156,62,58,77",
                        "endOffsets": "867,1020,1146,1252,1392,1518,1641,1750,2079,2185,2342,2471,2624,2781,2844,2903,2981"
                    }
                },
                {
                    "source": "C:\\Users\\gonza\\.gradle\\caches\\8.12\\transforms\\8411a046f9616658209ad8ea4a5d985f\\transformed\\browser-1.4.0\\res\\values-kk\\values-kk.xml",
                    "from": {
                        "startLines": "2,3,4,5",
                        "startColumns": "4,4,4,4",
                        "startOffsets": "55,155,259,367",
                        "endColumns": "99,103,107,104",
                        "endOffsets": "150,254,362,467"
                    },
                    "to": {
                        "startLines": "27,28,29,30",
                        "startColumns": "4,4,4,4",
                        "startOffsets": "2986,3086,3190,3298",
                        "endColumns": "99,103,107,104",
                        "endOffsets": "3081,3185,3293,3398"
                    }
                },
                {
                    "source": "C:\\Users\\gonza\\.gradle\\caches\\8.12\\transforms\\62e42733fc48d7e4200114b93a9c82fb\\transformed\\core-1.13.1\\res\\values-kk\\values-kk.xml",
                    "from": {
                        "startLines": "2,3,4,5,6,7,8,9",
                        "startColumns": "4,4,4,4,4,4,4,4",
                        "startOffsets": "55,150,252,354,457,561,658,769",
                        "endColumns": "94,101,101,102,103,96,110,100",
                        "endOffsets": "145,247,349,452,556,653,764,865"
                    },
                    "to": {
                        "startLines": "2,3,4,5,6,7,8,31",
                        "startColumns": "4,4,4,4,4,4,4,4",
                        "startOffsets": "55,150,252,354,457,561,658,3403",
                        "endColumns": "94,101,101,102,103,96,110,100",
                        "endOffsets": "145,247,349,452,556,653,764,3499"
                    }
                }
            ]
        }
    ]
}