{
    "logs": [
        {
            "outputFile": "com.calispa.bankaio.app-mergeDebugResources-29:/values-my/values-my.xml",
            "map": [
                {
                    "source": "C:\\Users\\gonza\\.gradle\\caches\\8.12\\transforms\\906adeab1fc54800ccbfe1f925d79fc0\\transformed\\jetified-play-services-basement-18.3.0\\res\\values-my\\values.xml",
                    "from": {
                        "startLines": "4",
                        "startColumns": "0",
                        "startOffsets": "195",
                        "endColumns": "149",
                        "endOffsets": "344"
                    },
                    "to": {
                        "startLines": "17",
                        "startColumns": "4",
                        "startOffsets": "1825",
                        "endColumns": "153",
                        "endOffsets": "1974"
                    }
                },
                {
                    "source": "C:\\Users\\gonza\\.gradle\\caches\\8.12\\transforms\\62e42733fc48d7e4200114b93a9c82fb\\transformed\\core-1.13.1\\res\\values-my\\values-my.xml",
                    "from": {
                        "startLines": "2,3,4,5,6,7,8,9",
                        "startColumns": "4,4,4,4,4,4,4,4",
                        "startOffsets": "55,158,262,365,467,572,678,797",
                        "endColumns": "102,103,102,101,104,105,118,100",
                        "endOffsets": "153,257,360,462,567,673,792,893"
                    },
                    "to": {
                        "startLines": "2,3,4,5,6,7,8,31",
                        "startColumns": "4,4,4,4,4,4,4,4",
                        "startOffsets": "55,158,262,365,467,572,678,3588",
                        "endColumns": "102,103,102,101,104,105,118,100",
                        "endOffsets": "153,257,360,462,567,673,792,3684"
                    }
                },
                {
                    "source": "C:\\Users\\gonza\\.gradle\\caches\\8.12\\transforms\\8411a046f9616658209ad8ea4a5d985f\\transformed\\browser-1.4.0\\res\\values-my\\values-my.xml",
                    "from": {
                        "startLines": "2,3,4,5",
                        "startColumns": "4,4,4,4",
                        "startOffsets": "55,164,270,385",
                        "endColumns": "108,105,114,106",
                        "endOffsets": "159,265,380,487"
                    },
                    "to": {
                        "startLines": "27,28,29,30",
                        "startColumns": "4,4,4,4",
                        "startOffsets": "3151,3260,3366,3481",
                        "endColumns": "108,105,114,106",
                        "endOffsets": "3255,3361,3476,3583"
                    }
                },
                {
                    "source": "C:\\Users\\gonza\\.gradle\\caches\\8.12\\transforms\\61d3d4fe2dd837d40b39785170a0ad2d\\transformed\\jetified-play-services-base-18.1.0\\res\\values-my\\values.xml",
                    "from": {
                        "startLines": "4,5,6,7,8,9,10,11,12,13,14,15,16,17,18,19,20",
                        "startColumns": "0,0,0,0,0,0,0,0,0,0,0,0,0,0,0,0,0",
                        "startOffsets": "193,296,456,586,693,836,964,1083,1189,1361,1463,1629,1768,1922,2105,2171,2240",
                        "endColumns": "102,159,129,106,142,127,118,105,171,101,165,138,153,182,65,68,84",
                        "endOffsets": "295,455,585,692,835,963,1082,1188,1360,1462,1628,1767,1921,2104,2170,2239,2324"
                    },
                    "to": {
                        "startLines": "9,10,11,12,13,14,15,16,18,19,20,21,22,23,24,25,26",
                        "startColumns": "4,4,4,4,4,4,4,4,4,4,4,4,4,4,4,4,4",
                        "startOffsets": "797,904,1068,1202,1313,1460,1592,1715,1979,2155,2261,2431,2574,2732,2919,2989,3062",
                        "endColumns": "106,163,133,110,146,131,122,109,175,105,169,142,157,186,69,72,88",
                        "endOffsets": "899,1063,1197,1308,1455,1587,1710,1820,2150,2256,2426,2569,2727,2914,2984,3057,3146"
                    }
                }
            ]
        }
    ]
}