{
    "logs": [
        {
            "outputFile": "com.calispa.bankaio.app-mergeDebugResources-29:/values-te/values-te.xml",
            "map": [
                {
                    "source": "C:\\Users\\gonza\\.gradle\\caches\\8.12\\transforms\\8411a046f9616658209ad8ea4a5d985f\\transformed\\browser-1.4.0\\res\\values-te\\values-te.xml",
                    "from": {
                        "startLines": "2,3,4,5",
                        "startColumns": "4,4,4,4",
                        "startOffsets": "55,166,272,383",
                        "endColumns": "110,105,110,106",
                        "endOffsets": "161,267,378,485"
                    },
                    "to": {
                        "startLines": "27,28,29,30",
                        "startColumns": "4,4,4,4",
                        "startOffsets": "2997,3108,3214,3325",
                        "endColumns": "110,105,110,106",
                        "endOffsets": "3103,3209,3320,3427"
                    }
                },
                {
                    "source": "C:\\Users\\gonza\\.gradle\\caches\\8.12\\transforms\\62e42733fc48d7e4200114b93a9c82fb\\transformed\\core-1.13.1\\res\\values-te\\values-te.xml",
                    "from": {
                        "startLines": "2,3,4,5,6,7,8,9",
                        "startColumns": "4,4,4,4,4,4,4,4",
                        "startOffsets": "55,157,265,367,468,574,681,805",
                        "endColumns": "101,107,101,100,105,106,123,100",
                        "endOffsets": "152,260,362,463,569,676,800,901"
                    },
                    "to": {
                        "startLines": "2,3,4,5,6,7,8,31",
                        "startColumns": "4,4,4,4,4,4,4,4",
                        "startOffsets": "55,157,265,367,468,574,681,3432",
                        "endColumns": "101,107,101,100,105,106,123,100",
                        "endOffsets": "152,260,362,463,569,676,800,3528"
                    }
                },
                {
                    "source": "C:\\Users\\gonza\\.gradle\\caches\\8.12\\transforms\\61d3d4fe2dd837d40b39785170a0ad2d\\transformed\\jetified-play-services-base-18.1.0\\res\\values-te\\values.xml",
                    "from": {
                        "startLines": "4,5,6,7,8,9,10,11,12,13,14,15,16,17,18,19,20",
                        "startColumns": "0,0,0,0,0,0,0,0,0,0,0,0,0,0,0,0,0",
                        "startOffsets": "193,299,449,575,686,819,940,1041,1137,1282,1390,1539,1667,1814,1973,2033,2099",
                        "endColumns": "105,149,125,110,132,120,100,95,144,107,148,127,146,158,59,65,79",
                        "endOffsets": "298,448,574,685,818,939,1040,1136,1281,1389,1538,1666,1813,1972,2032,2098,2178"
                    },
                    "to": {
                        "startLines": "9,10,11,12,13,14,15,16,18,19,20,21,22,23,24,25,26",
                        "startColumns": "4,4,4,4,4,4,4,4,4,4,4,4,4,4,4,4,4",
                        "startOffsets": "805,915,1069,1199,1314,1451,1576,1681,1919,2068,2180,2333,2465,2616,2779,2843,2913",
                        "endColumns": "109,153,129,114,136,124,104,99,148,111,152,131,150,162,63,69,83",
                        "endOffsets": "910,1064,1194,1309,1446,1571,1676,1776,2063,2175,2328,2460,2611,2774,2838,2908,2992"
                    }
                },
                {
                    "source": "C:\\Users\\gonza\\.gradle\\caches\\8.12\\transforms\\906adeab1fc54800ccbfe1f925d79fc0\\transformed\\jetified-play-services-basement-18.3.0\\res\\values-te\\values.xml",
                    "from": {
                        "startLines": "4",
                        "startColumns": "0",
                        "startOffsets": "195",
                        "endColumns": "133",
                        "endOffsets": "328"
                    },
                    "to": {
                        "startLines": "17",
                        "startColumns": "4",
                        "startOffsets": "1781",
                        "endColumns": "137",
                        "endOffsets": "1914"
                    }
                }
            ]
        }
    ]
}