{
    "logs": [
        {
            "outputFile": "com.calispa.bankaio.app-mergeDebugResources-29:/values-el/values-el.xml",
            "map": [
                {
                    "source": "C:\\Users\\gonza\\.gradle\\caches\\8.12\\transforms\\8411a046f9616658209ad8ea4a5d985f\\transformed\\browser-1.4.0\\res\\values-el\\values-el.xml",
                    "from": {
                        "startLines": "2,3,4,5",
                        "startColumns": "4,4,4,4",
                        "startOffsets": "55,165,272,397",
                        "endColumns": "109,106,124,109",
                        "endOffsets": "160,267,392,502"
                    },
                    "to": {
                        "startLines": "27,28,29,30",
                        "startColumns": "4,4,4,4",
                        "startOffsets": "3156,3266,3373,3498",
                        "endColumns": "109,106,124,109",
                        "endOffsets": "3261,3368,3493,3603"
                    }
                },
                {
                    "source": "C:\\Users\\gonza\\.gradle\\caches\\8.12\\transforms\\906adeab1fc54800ccbfe1f925d79fc0\\transformed\\jetified-play-services-basement-18.3.0\\res\\values-el\\values.xml",
                    "from": {
                        "startLines": "4",
                        "startColumns": "0",
                        "startOffsets": "195",
                        "endColumns": "159",
                        "endOffsets": "354"
                    },
                    "to": {
                        "startLines": "17",
                        "startColumns": "4",
                        "startOffsets": "1859",
                        "endColumns": "163",
                        "endOffsets": "2018"
                    }
                },
                {
                    "source": "C:\\Users\\gonza\\.gradle\\caches\\8.12\\transforms\\62e42733fc48d7e4200114b93a9c82fb\\transformed\\core-1.13.1\\res\\values-el\\values-el.xml",
                    "from": {
                        "startLines": "2,3,4,5,6,7,8,9",
                        "startColumns": "4,4,4,4,4,4,4,4",
                        "startOffsets": "55,153,256,356,459,567,673,790",
                        "endColumns": "97,102,99,102,107,105,116,100",
                        "endOffsets": "148,251,351,454,562,668,785,886"
                    },
                    "to": {
                        "startLines": "2,3,4,5,6,7,8,31",
                        "startColumns": "4,4,4,4,4,4,4,4",
                        "startOffsets": "55,153,256,356,459,567,673,3608",
                        "endColumns": "97,102,99,102,107,105,116,100",
                        "endOffsets": "148,251,351,454,562,668,785,3704"
                    }
                },
                {
                    "source": "C:\\Users\\gonza\\.gradle\\caches\\8.12\\transforms\\61d3d4fe2dd837d40b39785170a0ad2d\\transformed\\jetified-play-services-base-18.1.0\\res\\values-el\\values.xml",
                    "from": {
                        "startLines": "4,5,6,7,8,9,10,11,12,13,14,15,16,17,18,19,20",
                        "startColumns": "0,0,0,0,0,0,0,0,0,0,0,0,0,0,0,0,0",
                        "startOffsets": "193,300,482,610,717,894,1015,1129,1230,1415,1519,1685,1810,1984,2125,2190,2248",
                        "endColumns": "106,181,127,106,176,120,113,100,184,103,165,124,173,140,64,57,78",
                        "endOffsets": "299,481,609,716,893,1014,1128,1229,1414,1518,1684,1809,1983,2124,2189,2247,2326"
                    },
                    "to": {
                        "startLines": "9,10,11,12,13,14,15,16,18,19,20,21,22,23,24,25,26",
                        "startColumns": "4,4,4,4,4,4,4,4,4,4,4,4,4,4,4,4,4",
                        "startOffsets": "790,901,1087,1219,1330,1511,1636,1754,2023,2212,2320,2490,2619,2797,2942,3011,3073",
                        "endColumns": "110,185,131,110,180,124,117,104,188,107,169,128,177,144,68,61,82",
                        "endOffsets": "896,1082,1214,1325,1506,1631,1749,1854,2207,2315,2485,2614,2792,2937,3006,3068,3151"
                    }
                }
            ]
        }
    ]
}