{
    "logs": [
        {
            "outputFile": "com.calispa.bankaio.app-mergeDebugResources-29:/values-sk/values-sk.xml",
            "map": [
                {
                    "source": "C:\\Users\\gonza\\.gradle\\caches\\8.12\\transforms\\61d3d4fe2dd837d40b39785170a0ad2d\\transformed\\jetified-play-services-base-18.1.0\\res\\values-sk\\values.xml",
                    "from": {
                        "startLines": "4,5,6,7,8,9,10,11,12,13,14,15,16,17,18,19,20",
                        "startColumns": "0,0,0,0,0,0,0,0,0,0,0,0,0,0,0,0,0",
                        "startOffsets": "193,295,451,571,677,829,953,1062,1160,1325,1432,1598,1724,1883,2043,2107,2170",
                        "endColumns": "101,155,119,105,151,123,108,97,164,106,165,125,158,159,63,62,82",
                        "endOffsets": "294,450,570,676,828,952,1061,1159,1324,1431,1597,1723,1882,2042,2106,2169,2252"
                    },
                    "to": {
                        "startLines": "9,10,11,12,13,14,15,16,18,19,20,21,22,23,24,25,26",
                        "startColumns": "4,4,4,4,4,4,4,4,4,4,4,4,4,4,4,4,4",
                        "startOffsets": "792,898,1058,1182,1292,1448,1576,1689,1930,2099,2210,2380,2510,2673,2837,2905,2972",
                        "endColumns": "105,159,123,109,155,127,112,101,168,110,169,129,162,163,67,66,86",
                        "endOffsets": "893,1053,1177,1287,1443,1571,1684,1786,2094,2205,2375,2505,2668,2832,2900,2967,3054"
                    }
                },
                {
                    "source": "C:\\Users\\gonza\\.gradle\\caches\\8.12\\transforms\\906adeab1fc54800ccbfe1f925d79fc0\\transformed\\jetified-play-services-basement-18.3.0\\res\\values-sk\\values.xml",
                    "from": {
                        "startLines": "4",
                        "startColumns": "0",
                        "startOffsets": "195",
                        "endColumns": "134",
                        "endOffsets": "329"
                    },
                    "to": {
                        "startLines": "17",
                        "startColumns": "4",
                        "startOffsets": "1791",
                        "endColumns": "138",
                        "endOffsets": "1925"
                    }
                },
                {
                    "source": "C:\\Users\\gonza\\.gradle\\caches\\8.12\\transforms\\62e42733fc48d7e4200114b93a9c82fb\\transformed\\core-1.13.1\\res\\values-sk\\values-sk.xml",
                    "from": {
                        "startLines": "2,3,4,5,6,7,8,9",
                        "startColumns": "4,4,4,4,4,4,4,4",
                        "startOffsets": "55,151,253,354,452,562,670,792",
                        "endColumns": "95,101,100,97,109,107,121,100",
                        "endOffsets": "146,248,349,447,557,665,787,888"
                    },
                    "to": {
                        "startLines": "2,3,4,5,6,7,8,31",
                        "startColumns": "4,4,4,4,4,4,4,4",
                        "startOffsets": "55,151,253,354,452,562,670,3486",
                        "endColumns": "95,101,100,97,109,107,121,100",
                        "endOffsets": "146,248,349,447,557,665,787,3582"
                    }
                },
                {
                    "source": "C:\\Users\\gonza\\.gradle\\caches\\8.12\\transforms\\8411a046f9616658209ad8ea4a5d985f\\transformed\\browser-1.4.0\\res\\values-sk\\values-sk.xml",
                    "from": {
                        "startLines": "2,3,4,5",
                        "startColumns": "4,4,4,4",
                        "startOffsets": "55,162,265,380",
                        "endColumns": "106,102,114,101",
                        "endOffsets": "157,260,375,477"
                    },
                    "to": {
                        "startLines": "27,28,29,30",
                        "startColumns": "4,4,4,4",
                        "startOffsets": "3059,3166,3269,3384",
                        "endColumns": "106,102,114,101",
                        "endOffsets": "3161,3264,3379,3481"
                    }
                }
            ]
        }
    ]
}