{
    "logs": [
        {
            "outputFile": "com.calispa.bankaio.app-mergeDebugResources-29:/values-cs/values-cs.xml",
            "map": [
                {
                    "source": "C:\\Users\\gonza\\.gradle\\caches\\8.12\\transforms\\8411a046f9616658209ad8ea4a5d985f\\transformed\\browser-1.4.0\\res\\values-cs\\values-cs.xml",
                    "from": {
                        "startLines": "2,3,4,5",
                        "startColumns": "4,4,4,4",
                        "startOffsets": "55,157,260,374",
                        "endColumns": "101,102,113,100",
                        "endOffsets": "152,255,369,470"
                    },
                    "to": {
                        "startLines": "27,28,29,30",
                        "startColumns": "4,4,4,4",
                        "startOffsets": "3038,3140,3243,3357",
                        "endColumns": "101,102,113,100",
                        "endOffsets": "3135,3238,3352,3453"
                    }
                },
                {
                    "source": "C:\\Users\\gonza\\.gradle\\caches\\8.12\\transforms\\906adeab1fc54800ccbfe1f925d79fc0\\transformed\\jetified-play-services-basement-18.3.0\\res\\values-cs\\values.xml",
                    "from": {
                        "startLines": "4",
                        "startColumns": "0",
                        "startOffsets": "195",
                        "endColumns": "138",
                        "endOffsets": "333"
                    },
                    "to": {
                        "startLines": "17",
                        "startColumns": "4",
                        "startOffsets": "1780",
                        "endColumns": "142",
                        "endOffsets": "1918"
                    }
                },
                {
                    "source": "C:\\Users\\gonza\\.gradle\\caches\\8.12\\transforms\\62e42733fc48d7e4200114b93a9c82fb\\transformed\\core-1.13.1\\res\\values-cs\\values-cs.xml",
                    "from": {
                        "startLines": "2,3,4,5,6,7,8,9",
                        "startColumns": "4,4,4,4,4,4,4,4",
                        "startOffsets": "55,153,255,356,455,560,667,786",
                        "endColumns": "97,101,100,98,104,106,118,100",
                        "endOffsets": "148,250,351,450,555,662,781,882"
                    },
                    "to": {
                        "startLines": "2,3,4,5,6,7,8,31",
                        "startColumns": "4,4,4,4,4,4,4,4",
                        "startOffsets": "55,153,255,356,455,560,667,3458",
                        "endColumns": "97,101,100,98,104,106,118,100",
                        "endOffsets": "148,250,351,450,555,662,781,3554"
                    }
                },
                {
                    "source": "C:\\Users\\gonza\\.gradle\\caches\\8.12\\transforms\\61d3d4fe2dd837d40b39785170a0ad2d\\transformed\\jetified-play-services-base-18.1.0\\res\\values-cs\\values.xml",
                    "from": {
                        "startLines": "4,5,6,7,8,9,10,11,12,13,14,15,16,17,18,19,20",
                        "startColumns": "0,0,0,0,0,0,0,0,0,0,0,0,0,0,0,0,0",
                        "startOffsets": "193,295,451,572,678,827,950,1058,1155,1326,1433,1593,1717,1874,2025,2089,2152",
                        "endColumns": "101,155,120,105,148,122,107,96,170,106,159,123,156,150,63,62,81",
                        "endOffsets": "294,450,571,677,826,949,1057,1154,1325,1432,1592,1716,1873,2024,2088,2151,2233"
                    },
                    "to": {
                        "startLines": "9,10,11,12,13,14,15,16,18,19,20,21,22,23,24,25,26",
                        "startColumns": "4,4,4,4,4,4,4,4,4,4,4,4,4,4,4,4,4",
                        "startOffsets": "786,892,1052,1177,1287,1440,1567,1679,1923,2098,2209,2373,2501,2662,2817,2885,2952",
                        "endColumns": "105,159,124,109,152,126,111,100,174,110,163,127,160,154,67,66,85",
                        "endOffsets": "887,1047,1172,1282,1435,1562,1674,1775,2093,2204,2368,2496,2657,2812,2880,2947,3033"
                    }
                }
            ]
        }
    ]
}