{
    "logs": [
        {
            "outputFile": "com.calispa.bankaio.app-mergeDebugResources-29:/values-sr/values-sr.xml",
            "map": [
                {
                    "source": "C:\\Users\\gonza\\.gradle\\caches\\8.12\\transforms\\61d3d4fe2dd837d40b39785170a0ad2d\\transformed\\jetified-play-services-base-18.1.0\\res\\values-sr\\values.xml",
                    "from": {
                        "startLines": "4,5,6,7,8,9,10,11,12,13,14,15,16,17,18,19,20",
                        "startColumns": "0,0,0,0,0,0,0,0,0,0,0,0,0,0,0,0,0",
                        "startOffsets": "193,295,447,569,675,825,948,1056,1154,1299,1402,1558,1681,1826,1964,2028,2089",
                        "endColumns": "101,151,121,105,149,122,107,97,144,102,155,122,144,137,63,60,75",
                        "endOffsets": "294,446,568,674,824,947,1055,1153,1298,1401,1557,1680,1825,1963,2027,2088,2164"
                    },
                    "to": {
                        "startLines": "9,10,11,12,13,14,15,16,18,19,20,21,22,23,24,25,26",
                        "startColumns": "4,4,4,4,4,4,4,4,4,4,4,4,4,4,4,4,4",
                        "startOffsets": "781,887,1043,1169,1279,1433,1560,1672,1904,2053,2160,2320,2447,2596,2738,2806,2871",
                        "endColumns": "105,155,125,109,153,126,111,101,148,106,159,126,148,141,67,64,79",
                        "endOffsets": "882,1038,1164,1274,1428,1555,1667,1769,2048,2155,2315,2442,2591,2733,2801,2866,2946"
                    }
                },
                {
                    "source": "C:\\Users\\gonza\\.gradle\\caches\\8.12\\transforms\\906adeab1fc54800ccbfe1f925d79fc0\\transformed\\jetified-play-services-basement-18.3.0\\res\\values-sr\\values.xml",
                    "from": {
                        "startLines": "4",
                        "startColumns": "0",
                        "startOffsets": "195",
                        "endColumns": "125",
                        "endOffsets": "320"
                    },
                    "to": {
                        "startLines": "17",
                        "startColumns": "4",
                        "startOffsets": "1774",
                        "endColumns": "129",
                        "endOffsets": "1899"
                    }
                },
                {
                    "source": "C:\\Users\\gonza\\.gradle\\caches\\8.12\\transforms\\8411a046f9616658209ad8ea4a5d985f\\transformed\\browser-1.4.0\\res\\values-sr\\values-sr.xml",
                    "from": {
                        "startLines": "2,3,4,5",
                        "startColumns": "4,4,4,4",
                        "startOffsets": "55,166,266,379",
                        "endColumns": "110,99,112,97",
                        "endOffsets": "161,261,374,472"
                    },
                    "to": {
                        "startLines": "27,28,29,30",
                        "startColumns": "4,4,4,4",
                        "startOffsets": "2951,3062,3162,3275",
                        "endColumns": "110,99,112,97",
                        "endOffsets": "3057,3157,3270,3368"
                    }
                },
                {
                    "source": "C:\\Users\\gonza\\.gradle\\caches\\8.12\\transforms\\62e42733fc48d7e4200114b93a9c82fb\\transformed\\core-1.13.1\\res\\values-sr\\values-sr.xml",
                    "from": {
                        "startLines": "2,3,4,5,6,7,8,9",
                        "startColumns": "4,4,4,4,4,4,4,4",
                        "startOffsets": "55,153,255,352,456,560,665,781",
                        "endColumns": "97,101,96,103,103,104,115,100",
                        "endOffsets": "148,250,347,451,555,660,776,877"
                    },
                    "to": {
                        "startLines": "2,3,4,5,6,7,8,31",
                        "startColumns": "4,4,4,4,4,4,4,4",
                        "startOffsets": "55,153,255,352,456,560,665,3373",
                        "endColumns": "97,101,96,103,103,104,115,100",
                        "endOffsets": "148,250,347,451,555,660,776,3469"
                    }
                }
            ]
        }
    ]
}