{
    "logs": [
        {
            "outputFile": "com.calispa.bankaio.app-mergeDebugResources-29:/values-da/values-da.xml",
            "map": [
                {
                    "source": "C:\\Users\\gonza\\.gradle\\caches\\8.12\\transforms\\61d3d4fe2dd837d40b39785170a0ad2d\\transformed\\jetified-play-services-base-18.1.0\\res\\values-da\\values.xml",
                    "from": {
                        "startLines": "4,5,6,7,8,9,10,11,12,13,14,15,16,17,18,19,20",
                        "startColumns": "0,0,0,0,0,0,0,0,0,0,0,0,0,0,0,0,0",
                        "startOffsets": "193,295,451,574,679,818,939,1055,1156,1308,1410,1568,1691,1832,2006,2068,2126",
                        "endColumns": "101,155,122,104,138,120,115,100,151,101,157,122,140,173,61,57,73",
                        "endOffsets": "294,450,573,678,817,938,1054,1155,1307,1409,1567,1690,1831,2005,2067,2125,2199"
                    },
                    "to": {
                        "startLines": "9,10,11,12,13,14,15,16,18,19,20,21,22,23,24,25,26",
                        "startColumns": "4,4,4,4,4,4,4,4,4,4,4,4,4,4,4,4,4",
                        "startOffsets": "782,888,1048,1175,1284,1427,1552,1672,1904,2060,2166,2328,2455,2600,2778,2844,2906",
                        "endColumns": "105,159,126,108,142,124,119,104,155,105,161,126,144,177,65,61,77",
                        "endOffsets": "883,1043,1170,1279,1422,1547,1667,1772,2055,2161,2323,2450,2595,2773,2839,2901,2979"
                    }
                },
                {
                    "source": "C:\\Users\\gonza\\.gradle\\caches\\8.12\\transforms\\62e42733fc48d7e4200114b93a9c82fb\\transformed\\core-1.13.1\\res\\values-da\\values-da.xml",
                    "from": {
                        "startLines": "2,3,4,5,6,7,8,9",
                        "startColumns": "4,4,4,4,4,4,4,4",
                        "startOffsets": "55,151,253,350,448,555,664,782",
                        "endColumns": "95,101,96,97,106,108,117,100",
                        "endOffsets": "146,248,345,443,550,659,777,878"
                    },
                    "to": {
                        "startLines": "2,3,4,5,6,7,8,31",
                        "startColumns": "4,4,4,4,4,4,4,4",
                        "startOffsets": "55,151,253,350,448,555,664,3399",
                        "endColumns": "95,101,96,97,106,108,117,100",
                        "endOffsets": "146,248,345,443,550,659,777,3495"
                    }
                },
                {
                    "source": "C:\\Users\\gonza\\.gradle\\caches\\8.12\\transforms\\8411a046f9616658209ad8ea4a5d985f\\transformed\\browser-1.4.0\\res\\values-da\\values-da.xml",
                    "from": {
                        "startLines": "2,3,4,5",
                        "startColumns": "4,4,4,4",
                        "startOffsets": "55,167,266,373",
                        "endColumns": "111,98,106,96",
                        "endOffsets": "162,261,368,465"
                    },
                    "to": {
                        "startLines": "27,28,29,30",
                        "startColumns": "4,4,4,4",
                        "startOffsets": "2984,3096,3195,3302",
                        "endColumns": "111,98,106,96",
                        "endOffsets": "3091,3190,3297,3394"
                    }
                },
                {
                    "source": "C:\\Users\\gonza\\.gradle\\caches\\8.12\\transforms\\906adeab1fc54800ccbfe1f925d79fc0\\transformed\\jetified-play-services-basement-18.3.0\\res\\values-da\\values.xml",
                    "from": {
                        "startLines": "4",
                        "startColumns": "0",
                        "startOffsets": "195",
                        "endColumns": "122",
                        "endOffsets": "317"
                    },
                    "to": {
                        "startLines": "17",
                        "startColumns": "4",
                        "startOffsets": "1777",
                        "endColumns": "126",
                        "endOffsets": "1899"
                    }
                }
            ]
        }
    ]
}