{
    "logs": [
        {
            "outputFile": "com.calispa.bankaio.app-mergeDebugResources-29:/values-de/values-de.xml",
            "map": [
                {
                    "source": "C:\\Users\\gonza\\.gradle\\caches\\8.12\\transforms\\62e42733fc48d7e4200114b93a9c82fb\\transformed\\core-1.13.1\\res\\values-de\\values-de.xml",
                    "from": {
                        "startLines": "2,3,4,5,6,7,8,9",
                        "startColumns": "4,4,4,4,4,4,4,4",
                        "startOffsets": "55,153,255,355,455,563,668,786",
                        "endColumns": "97,101,99,99,107,104,117,100",
                        "endOffsets": "148,250,350,450,558,663,781,882"
                    },
                    "to": {
                        "startLines": "2,3,4,5,6,7,8,31",
                        "startColumns": "4,4,4,4,4,4,4,4",
                        "startOffsets": "55,153,255,355,455,563,668,3553",
                        "endColumns": "97,101,99,99,107,104,117,100",
                        "endOffsets": "148,250,350,450,558,663,781,3649"
                    }
                },
                {
                    "source": "C:\\Users\\gonza\\.gradle\\caches\\8.12\\transforms\\906adeab1fc54800ccbfe1f925d79fc0\\transformed\\jetified-play-services-basement-18.3.0\\res\\values-de\\values.xml",
                    "from": {
                        "startLines": "4",
                        "startColumns": "0",
                        "startOffsets": "195",
                        "endColumns": "140",
                        "endOffsets": "335"
                    },
                    "to": {
                        "startLines": "17",
                        "startColumns": "4",
                        "startOffsets": "1848",
                        "endColumns": "144",
                        "endOffsets": "1988"
                    }
                },
                {
                    "source": "C:\\Users\\gonza\\.gradle\\caches\\8.12\\transforms\\8411a046f9616658209ad8ea4a5d985f\\transformed\\browser-1.4.0\\res\\values-de\\values-de.xml",
                    "from": {
                        "startLines": "2,3,4,5",
                        "startColumns": "4,4,4,4",
                        "startOffsets": "55,159,260,371",
                        "endColumns": "103,100,110,99",
                        "endOffsets": "154,255,366,466"
                    },
                    "to": {
                        "startLines": "27,28,29,30",
                        "startColumns": "4,4,4,4",
                        "startOffsets": "3137,3241,3342,3453",
                        "endColumns": "103,100,110,99",
                        "endOffsets": "3236,3337,3448,3548"
                    }
                },
                {
                    "source": "C:\\Users\\gonza\\.gradle\\caches\\8.12\\transforms\\61d3d4fe2dd837d40b39785170a0ad2d\\transformed\\jetified-play-services-base-18.1.0\\res\\values-de\\values.xml",
                    "from": {
                        "startLines": "4,5,6,7,8,9,10,11,12,13,14,15,16,17,18,19,20",
                        "startColumns": "0,0,0,0,0,0,0,0,0,0,0,0,0,0,0,0,0",
                        "startOffsets": "193,298,458,582,690,864,991,1108,1223,1399,1507,1672,1799,1957,2129,2196,2255",
                        "endColumns": "104,159,123,107,173,126,116,114,175,107,164,126,157,171,66,58,75",
                        "endOffsets": "297,457,581,689,863,990,1107,1222,1398,1506,1671,1798,1956,2128,2195,2254,2330"
                    },
                    "to": {
                        "startLines": "9,10,11,12,13,14,15,16,18,19,20,21,22,23,24,25,26",
                        "startColumns": "4,4,4,4,4,4,4,4,4,4,4,4,4,4,4,4,4",
                        "startOffsets": "786,895,1059,1187,1299,1477,1608,1729,1993,2173,2285,2454,2585,2747,2923,2994,3057",
                        "endColumns": "108,163,127,111,177,130,120,118,179,111,168,130,161,175,70,62,79",
                        "endOffsets": "890,1054,1182,1294,1472,1603,1724,1843,2168,2280,2449,2580,2742,2918,2989,3052,3132"
                    }
                }
            ]
        }
    ]
}