{
    "logs": [
        {
            "outputFile": "com.calispa.bankaio.app-mergeDebugResources-29:/values-sq/values-sq.xml",
            "map": [
                {
                    "source": "C:\\Users\\gonza\\.gradle\\caches\\8.12\\transforms\\8411a046f9616658209ad8ea4a5d985f\\transformed\\browser-1.4.0\\res\\values-sq\\values-sq.xml",
                    "from": {
                        "startLines": "2,3,4,5",
                        "startColumns": "4,4,4,4",
                        "startOffsets": "55,170,271,382",
                        "endColumns": "114,100,110,100",
                        "endOffsets": "165,266,377,478"
                    },
                    "to": {
                        "startLines": "27,28,29,30",
                        "startColumns": "4,4,4,4",
                        "startOffsets": "3133,3248,3349,3460",
                        "endColumns": "114,100,110,100",
                        "endOffsets": "3243,3344,3455,3556"
                    }
                },
                {
                    "source": "C:\\Users\\gonza\\.gradle\\caches\\8.12\\transforms\\61d3d4fe2dd837d40b39785170a0ad2d\\transformed\\jetified-play-services-base-18.1.0\\res\\values-sq\\values.xml",
                    "from": {
                        "startLines": "4,5,6,7,8,9,10,11,12,13,14,15,16,17,18,19,20",
                        "startColumns": "0,0,0,0,0,0,0,0,0,0,0,0,0,0,0,0,0",
                        "startOffsets": "193,296,465,598,701,858,988,1110,1222,1388,1492,1663,1797,1955,2135,2196,2259",
                        "endColumns": "102,168,132,102,156,129,121,111,165,103,170,133,157,179,60,62,77",
                        "endOffsets": "295,464,597,700,857,987,1109,1221,1387,1491,1662,1796,1954,2134,2195,2258,2336"
                    },
                    "to": {
                        "startLines": "9,10,11,12,13,14,15,16,18,19,20,21,22,23,24,25,26",
                        "startColumns": "4,4,4,4,4,4,4,4,4,4,4,4,4,4,4,4,4",
                        "startOffsets": "792,899,1072,1209,1316,1477,1611,1737,1982,2152,2260,2435,2573,2735,2919,2984,3051",
                        "endColumns": "106,172,136,106,160,133,125,115,169,107,174,137,161,183,64,66,81",
                        "endOffsets": "894,1067,1204,1311,1472,1606,1732,1848,2147,2255,2430,2568,2730,2914,2979,3046,3128"
                    }
                },
                {
                    "source": "C:\\Users\\gonza\\.gradle\\caches\\8.12\\transforms\\906adeab1fc54800ccbfe1f925d79fc0\\transformed\\jetified-play-services-basement-18.3.0\\res\\values-sq\\values.xml",
                    "from": {
                        "startLines": "4",
                        "startColumns": "0",
                        "startOffsets": "195",
                        "endColumns": "124",
                        "endOffsets": "319"
                    },
                    "to": {
                        "startLines": "17",
                        "startColumns": "4",
                        "startOffsets": "1853",
                        "endColumns": "128",
                        "endOffsets": "1977"
                    }
                },
                {
                    "source": "C:\\Users\\gonza\\.gradle\\caches\\8.12\\transforms\\62e42733fc48d7e4200114b93a9c82fb\\transformed\\core-1.13.1\\res\\values-sq\\values-sq.xml",
                    "from": {
                        "startLines": "2,3,4,5,6,7,8,9",
                        "startColumns": "4,4,4,4,4,4,4,4",
                        "startOffsets": "55,154,256,354,451,559,670,792",
                        "endColumns": "98,101,97,96,107,110,121,100",
                        "endOffsets": "149,251,349,446,554,665,787,888"
                    },
                    "to": {
                        "startLines": "2,3,4,5,6,7,8,31",
                        "startColumns": "4,4,4,4,4,4,4,4",
                        "startOffsets": "55,154,256,354,451,559,670,3561",
                        "endColumns": "98,101,97,96,107,110,121,100",
                        "endOffsets": "149,251,349,446,554,665,787,3657"
                    }
                }
            ]
        }
    ]
}