{
    "logs": [
        {
            "outputFile": "com.calispa.bankaio.app-mergeDebugResources-29:/values-hr/values-hr.xml",
            "map": [
                {
                    "source": "C:\\Users\\gonza\\.gradle\\caches\\8.12\\transforms\\61d3d4fe2dd837d40b39785170a0ad2d\\transformed\\jetified-play-services-base-18.1.0\\res\\values-hr\\values.xml",
                    "from": {
                        "startLines": "4,5,6,7,8,9,10,11,12,13,14,15,16,17,18,19,20",
                        "startColumns": "0,0,0,0,0,0,0,0,0,0,0,0,0,0,0,0,0",
                        "startOffsets": "193,295,448,574,680,833,959,1070,1173,1319,1422,1575,1699,1842,1981,2045,2103",
                        "endColumns": "101,152,125,105,152,125,110,102,145,102,152,123,142,138,63,57,76",
                        "endOffsets": "294,447,573,679,832,958,1069,1172,1318,1421,1574,1698,1841,1980,2044,2102,2179"
                    },
                    "to": {
                        "startLines": "9,10,11,12,13,14,15,16,18,19,20,21,22,23,24,25,26",
                        "startColumns": "4,4,4,4,4,4,4,4,4,4,4,4,4,4,4,4,4",
                        "startOffsets": "781,887,1044,1174,1284,1441,1571,1686,1925,2075,2182,2339,2467,2614,2757,2825,2887",
                        "endColumns": "105,156,129,109,156,129,114,106,149,106,156,127,146,142,67,61,80",
                        "endOffsets": "882,1039,1169,1279,1436,1566,1681,1788,2070,2177,2334,2462,2609,2752,2820,2882,2963"
                    }
                },
                {
                    "source": "C:\\Users\\gonza\\.gradle\\caches\\8.12\\transforms\\8411a046f9616658209ad8ea4a5d985f\\transformed\\browser-1.4.0\\res\\values-hr\\values-hr.xml",
                    "from": {
                        "startLines": "2,3,4,5",
                        "startColumns": "4,4,4,4",
                        "startOffsets": "55,160,260,374",
                        "endColumns": "104,99,113,101",
                        "endOffsets": "155,255,369,471"
                    },
                    "to": {
                        "startLines": "27,28,29,30",
                        "startColumns": "4,4,4,4",
                        "startOffsets": "2968,3073,3173,3287",
                        "endColumns": "104,99,113,101",
                        "endOffsets": "3068,3168,3282,3384"
                    }
                },
                {
                    "source": "C:\\Users\\gonza\\.gradle\\caches\\8.12\\transforms\\906adeab1fc54800ccbfe1f925d79fc0\\transformed\\jetified-play-services-basement-18.3.0\\res\\values-hr\\values.xml",
                    "from": {
                        "startLines": "4",
                        "startColumns": "0",
                        "startOffsets": "195",
                        "endColumns": "127",
                        "endOffsets": "322"
                    },
                    "to": {
                        "startLines": "17",
                        "startColumns": "4",
                        "startOffsets": "1793",
                        "endColumns": "131",
                        "endOffsets": "1920"
                    }
                },
                {
                    "source": "C:\\Users\\gonza\\.gradle\\caches\\8.12\\transforms\\62e42733fc48d7e4200114b93a9c82fb\\transformed\\core-1.13.1\\res\\values-hr\\values-hr.xml",
                    "from": {
                        "startLines": "2,3,4,5,6,7,8,9",
                        "startColumns": "4,4,4,4,4,4,4,4",
                        "startOffsets": "55,153,260,357,456,560,664,781",
                        "endColumns": "97,106,96,98,103,103,116,100",
                        "endOffsets": "148,255,352,451,555,659,776,877"
                    },
                    "to": {
                        "startLines": "2,3,4,5,6,7,8,31",
                        "startColumns": "4,4,4,4,4,4,4,4",
                        "startOffsets": "55,153,260,357,456,560,664,3389",
                        "endColumns": "97,106,96,98,103,103,116,100",
                        "endOffsets": "148,255,352,451,555,659,776,3485"
                    }
                }
            ]
        }
    ]
}