{
    "logs": [
        {
            "outputFile": "com.calispa.bankaio.app-mergeDebugResources-29:/values-nb/values-nb.xml",
            "map": [
                {
                    "source": "C:\\Users\\gonza\\.gradle\\caches\\8.12\\transforms\\906adeab1fc54800ccbfe1f925d79fc0\\transformed\\jetified-play-services-basement-18.3.0\\res\\values-nb\\values.xml",
                    "from": {
                        "startLines": "4",
                        "startColumns": "0",
                        "startOffsets": "195",
                        "endColumns": "125",
                        "endOffsets": "320"
                    },
                    "to": {
                        "startLines": "17",
                        "startColumns": "4",
                        "startOffsets": "1790",
                        "endColumns": "129",
                        "endOffsets": "1915"
                    }
                },
                {
                    "source": "C:\\Users\\gonza\\.gradle\\caches\\8.12\\transforms\\62e42733fc48d7e4200114b93a9c82fb\\transformed\\core-1.13.1\\res\\values-nb\\values-nb.xml",
                    "from": {
                        "startLines": "2,3,4,5,6,7,8,9",
                        "startColumns": "4,4,4,4,4,4,4,4",
                        "startOffsets": "55,149,251,348,447,555,661,781",
                        "endColumns": "93,101,96,98,107,105,119,100",
                        "endOffsets": "144,246,343,442,550,656,776,877"
                    },
                    "to": {
                        "startLines": "2,3,4,5,6,7,8,31",
                        "startColumns": "4,4,4,4,4,4,4,4",
                        "startOffsets": "55,149,251,348,447,555,661,3415",
                        "endColumns": "93,101,96,98,107,105,119,100",
                        "endOffsets": "144,246,343,442,550,656,776,3511"
                    }
                },
                {
                    "source": "C:\\Users\\gonza\\.gradle\\caches\\8.12\\transforms\\8411a046f9616658209ad8ea4a5d985f\\transformed\\browser-1.4.0\\res\\values-nb\\values-nb.xml",
                    "from": {
                        "startLines": "2,3,4,5",
                        "startColumns": "4,4,4,4",
                        "startOffsets": "55,165,266,378",
                        "endColumns": "109,100,111,96",
                        "endOffsets": "160,261,373,470"
                    },
                    "to": {
                        "startLines": "27,28,29,30",
                        "startColumns": "4,4,4,4",
                        "startOffsets": "2995,3105,3206,3318",
                        "endColumns": "109,100,111,96",
                        "endOffsets": "3100,3201,3313,3410"
                    }
                },
                {
                    "source": "C:\\Users\\gonza\\.gradle\\caches\\8.12\\transforms\\61d3d4fe2dd837d40b39785170a0ad2d\\transformed\\jetified-play-services-base-18.1.0\\res\\values-nb\\values.xml",
                    "from": {
                        "startLines": "4,5,6,7,8,9,10,11,12,13,14,15,16,17,18,19,20",
                        "startColumns": "0,0,0,0,0,0,0,0,0,0,0,0,0,0,0,0,0",
                        "startOffsets": "193,295,450,572,677,829,955,1071,1170,1320,1423,1580,1704,1842,2014,2077,2135",
                        "endColumns": "101,154,121,104,151,125,115,98,149,102,156,123,137,171,62,57,73",
                        "endOffsets": "294,449,571,676,828,954,1070,1169,1319,1422,1579,1703,1841,2013,2076,2134,2208"
                    },
                    "to": {
                        "startLines": "9,10,11,12,13,14,15,16,18,19,20,21,22,23,24,25,26",
                        "startColumns": "4,4,4,4,4,4,4,4,4,4,4,4,4,4,4,4,4",
                        "startOffsets": "781,887,1046,1172,1281,1437,1567,1687,1920,2074,2181,2342,2470,2612,2788,2855,2917",
                        "endColumns": "105,158,125,108,155,129,119,102,153,106,160,127,141,175,66,61,77",
                        "endOffsets": "882,1041,1167,1276,1432,1562,1682,1785,2069,2176,2337,2465,2607,2783,2850,2912,2990"
                    }
                }
            ]
        }
    ]
}