{
    "logs": [
        {
            "outputFile": "com.calispa.bankaio.app-mergeDebugResources-29:/values-lt/values-lt.xml",
            "map": [
                {
                    "source": "C:\\Users\\gonza\\.gradle\\caches\\8.12\\transforms\\8411a046f9616658209ad8ea4a5d985f\\transformed\\browser-1.4.0\\res\\values-lt\\values-lt.xml",
                    "from": {
                        "startLines": "2,3,4,5",
                        "startColumns": "4,4,4,4",
                        "startOffsets": "55,160,265,379",
                        "endColumns": "104,104,113,105",
                        "endOffsets": "155,260,374,480"
                    },
                    "to": {
                        "startLines": "27,28,29,30",
                        "startColumns": "4,4,4,4",
                        "startOffsets": "3072,3177,3282,3396",
                        "endColumns": "104,104,113,105",
                        "endOffsets": "3172,3277,3391,3497"
                    }
                },
                {
                    "source": "C:\\Users\\gonza\\.gradle\\caches\\8.12\\transforms\\906adeab1fc54800ccbfe1f925d79fc0\\transformed\\jetified-play-services-basement-18.3.0\\res\\values-lt\\values.xml",
                    "from": {
                        "startLines": "4",
                        "startColumns": "0",
                        "startOffsets": "195",
                        "endColumns": "154",
                        "endOffsets": "349"
                    },
                    "to": {
                        "startLines": "17",
                        "startColumns": "4",
                        "startOffsets": "1812",
                        "endColumns": "158",
                        "endOffsets": "1966"
                    }
                },
                {
                    "source": "C:\\Users\\gonza\\.gradle\\caches\\8.12\\transforms\\62e42733fc48d7e4200114b93a9c82fb\\transformed\\core-1.13.1\\res\\values-lt\\values-lt.xml",
                    "from": {
                        "startLines": "2,3,4,5,6,7,8,9",
                        "startColumns": "4,4,4,4,4,4,4,4",
                        "startOffsets": "55,153,263,362,465,576,686,806",
                        "endColumns": "97,109,98,102,110,109,119,100",
                        "endOffsets": "148,258,357,460,571,681,801,902"
                    },
                    "to": {
                        "startLines": "2,3,4,5,6,7,8,31",
                        "startColumns": "4,4,4,4,4,4,4,4",
                        "startOffsets": "55,153,263,362,465,576,686,3502",
                        "endColumns": "97,109,98,102,110,109,119,100",
                        "endOffsets": "148,258,357,460,571,681,801,3598"
                    }
                },
                {
                    "source": "C:\\Users\\gonza\\.gradle\\caches\\8.12\\transforms\\61d3d4fe2dd837d40b39785170a0ad2d\\transformed\\jetified-play-services-base-18.1.0\\res\\values-lt\\values.xml",
                    "from": {
                        "startLines": "4,5,6,7,8,9,10,11,12,13,14,15,16,17,18,19,20",
                        "startColumns": "0,0,0,0,0,0,0,0,0,0,0,0,0,0,0,0,0",
                        "startOffsets": "193,296,444,572,675,824,950,1065,1167,1329,1434,1595,1725,1874,2020,2084,2146",
                        "endColumns": "102,147,127,102,148,125,114,101,161,104,160,129,148,145,63,61,85",
                        "endOffsets": "295,443,571,674,823,949,1064,1166,1328,1433,1594,1724,1873,2019,2083,2145,2231"
                    },
                    "to": {
                        "startLines": "9,10,11,12,13,14,15,16,18,19,20,21,22,23,24,25,26",
                        "startColumns": "4,4,4,4,4,4,4,4,4,4,4,4,4,4,4,4,4",
                        "startOffsets": "806,913,1065,1197,1304,1457,1587,1706,1971,2137,2246,2411,2545,2698,2848,2916,2982",
                        "endColumns": "106,151,131,106,152,129,118,105,165,108,164,133,152,149,67,65,89",
                        "endOffsets": "908,1060,1192,1299,1452,1582,1701,1807,2132,2241,2406,2540,2693,2843,2911,2977,3067"
                    }
                }
            ]
        }
    ]
}