{
    "logs": [
        {
            "outputFile": "com.calispa.bankaio.app-mergeDebugResources-29:/values-it/values-it.xml",
            "map": [
                {
                    "source": "C:\\Users\\gonza\\.gradle\\caches\\8.12\\transforms\\61d3d4fe2dd837d40b39785170a0ad2d\\transformed\\jetified-play-services-base-18.1.0\\res\\values-it\\values.xml",
                    "from": {
                        "startLines": "4,5,6,7,8,9,10,11,12,13,14,15,16,17,18,19,20",
                        "startColumns": "0,0,0,0,0,0,0,0,0,0,0,0,0,0,0,0,0",
                        "startOffsets": "193,294,441,562,666,820,944,1060,1160,1313,1416,1566,1689,1841,2018,2081,2138",
                        "endColumns": "100,146,120,103,153,123,115,99,152,102,149,122,151,176,62,56,72",
                        "endOffsets": "293,440,561,665,819,943,1059,1159,1312,1415,1565,1688,1840,2017,2080,2137,2210"
                    },
                    "to": {
                        "startLines": "9,10,11,12,13,14,15,16,18,19,20,21,22,23,24,25,26",
                        "startColumns": "4,4,4,4,4,4,4,4,4,4,4,4,4,4,4,4,4",
                        "startOffsets": "802,907,1058,1183,1291,1449,1577,1697,1937,2094,2201,2355,2482,2638,2819,2886,2947",
                        "endColumns": "104,150,124,107,157,127,119,103,156,106,153,126,155,180,66,60,76",
                        "endOffsets": "902,1053,1178,1286,1444,1572,1692,1796,2089,2196,2350,2477,2633,2814,2881,2942,3019"
                    }
                },
                {
                    "source": "C:\\Users\\gonza\\.gradle\\caches\\8.12\\transforms\\62e42733fc48d7e4200114b93a9c82fb\\transformed\\core-1.13.1\\res\\values-it\\values-it.xml",
                    "from": {
                        "startLines": "2,3,4,5,6,7,8,9",
                        "startColumns": "4,4,4,4,4,4,4,4",
                        "startOffsets": "55,153,255,354,456,565,672,802",
                        "endColumns": "97,101,98,101,108,106,129,100",
                        "endOffsets": "148,250,349,451,560,667,797,898"
                    },
                    "to": {
                        "startLines": "2,3,4,5,6,7,8,31",
                        "startColumns": "4,4,4,4,4,4,4,4",
                        "startOffsets": "55,153,255,354,456,565,672,3435",
                        "endColumns": "97,101,98,101,108,106,129,100",
                        "endOffsets": "148,250,349,451,560,667,797,3531"
                    }
                },
                {
                    "source": "C:\\Users\\gonza\\.gradle\\caches\\8.12\\transforms\\8411a046f9616658209ad8ea4a5d985f\\transformed\\browser-1.4.0\\res\\values-it\\values-it.xml",
                    "from": {
                        "startLines": "2,3,4,5",
                        "startColumns": "4,4,4,4",
                        "startOffsets": "55,155,253,363",
                        "endColumns": "99,97,109,102",
                        "endOffsets": "150,248,358,461"
                    },
                    "to": {
                        "startLines": "27,28,29,30",
                        "startColumns": "4,4,4,4",
                        "startOffsets": "3024,3124,3222,3332",
                        "endColumns": "99,97,109,102",
                        "endOffsets": "3119,3217,3327,3430"
                    }
                },
                {
                    "source": "C:\\Users\\gonza\\.gradle\\caches\\8.12\\transforms\\906adeab1fc54800ccbfe1f925d79fc0\\transformed\\jetified-play-services-basement-18.3.0\\res\\values-it\\values.xml",
                    "from": {
                        "startLines": "4",
                        "startColumns": "0",
                        "startOffsets": "195",
                        "endColumns": "131",
                        "endOffsets": "326"
                    },
                    "to": {
                        "startLines": "17",
                        "startColumns": "4",
                        "startOffsets": "1801",
                        "endColumns": "135",
                        "endOffsets": "1932"
                    }
                }
            ]
        }
    ]
}