{
    "logs": [
        {
            "outputFile": "com.calispa.bankaio.app-mergeDebugResources-29:/values-fi/values-fi.xml",
            "map": [
                {
                    "source": "C:\\Users\\gonza\\.gradle\\caches\\8.12\\transforms\\62e42733fc48d7e4200114b93a9c82fb\\transformed\\core-1.13.1\\res\\values-fi\\values-fi.xml",
                    "from": {
                        "startLines": "2,3,4,5,6,7,8,9",
                        "startColumns": "4,4,4,4,4,4,4,4",
                        "startOffsets": "55,151,253,351,456,561,673,789",
                        "endColumns": "95,101,97,104,104,111,115,100",
                        "endOffsets": "146,248,346,451,556,668,784,885"
                    },
                    "to": {
                        "startLines": "2,3,4,5,6,7,8,31",
                        "startColumns": "4,4,4,4,4,4,4,4",
                        "startOffsets": "55,151,253,351,456,561,673,3372",
                        "endColumns": "95,101,97,104,104,111,115,100",
                        "endOffsets": "146,248,346,451,556,668,784,3468"
                    }
                },
                {
                    "source": "C:\\Users\\gonza\\.gradle\\caches\\8.12\\transforms\\61d3d4fe2dd837d40b39785170a0ad2d\\transformed\\jetified-play-services-base-18.1.0\\res\\values-fi\\values.xml",
                    "from": {
                        "startLines": "4,5,6,7,8,9,10,11,12,13,14,15,16,17,18,19,20",
                        "startColumns": "0,0,0,0,0,0,0,0,0,0,0,0,0,0,0,0,0",
                        "startOffsets": "193,300,449,576,678,817,939,1051,1154,1291,1393,1538,1660,1804,1939,2001,2067",
                        "endColumns": "106,148,126,101,138,121,111,102,136,101,144,121,143,134,61,65,78",
                        "endOffsets": "299,448,575,677,816,938,1050,1153,1290,1392,1537,1659,1803,1938,2000,2066,2145"
                    },
                    "to": {
                        "startLines": "9,10,11,12,13,14,15,16,18,19,20,21,22,23,24,25,26",
                        "startColumns": "4,4,4,4,4,4,4,4,4,4,4,4,4,4,4,4,4",
                        "startOffsets": "789,900,1053,1184,1290,1433,1559,1675,1932,2073,2179,2328,2454,2602,2741,2807,2877",
                        "endColumns": "110,152,130,105,142,125,115,106,140,105,148,125,147,138,65,69,82",
                        "endOffsets": "895,1048,1179,1285,1428,1554,1670,1777,2068,2174,2323,2449,2597,2736,2802,2872,2955"
                    }
                },
                {
                    "source": "C:\\Users\\gonza\\.gradle\\caches\\8.12\\transforms\\906adeab1fc54800ccbfe1f925d79fc0\\transformed\\jetified-play-services-basement-18.3.0\\res\\values-fi\\values.xml",
                    "from": {
                        "startLines": "4",
                        "startColumns": "0",
                        "startOffsets": "195",
                        "endColumns": "145",
                        "endOffsets": "340"
                    },
                    "to": {
                        "startLines": "17",
                        "startColumns": "4",
                        "startOffsets": "1782",
                        "endColumns": "149",
                        "endOffsets": "1927"
                    }
                },
                {
                    "source": "C:\\Users\\gonza\\.gradle\\caches\\8.12\\transforms\\8411a046f9616658209ad8ea4a5d985f\\transformed\\browser-1.4.0\\res\\values-fi\\values-fi.xml",
                    "from": {
                        "startLines": "2,3,4,5",
                        "startColumns": "4,4,4,4",
                        "startOffsets": "55,158,259,368",
                        "endColumns": "102,100,108,98",
                        "endOffsets": "153,254,363,462"
                    },
                    "to": {
                        "startLines": "27,28,29,30",
                        "startColumns": "4,4,4,4",
                        "startOffsets": "2960,3063,3164,3273",
                        "endColumns": "102,100,108,98",
                        "endOffsets": "3058,3159,3268,3367"
                    }
                }
            ]
        }
    ]
}