{
    "logs": [
        {
            "outputFile": "com.calispa.bankaio.app-mergeDebugResources-29:/values-ru/values-ru.xml",
            "map": [
                {
                    "source": "C:\\Users\\gonza\\.gradle\\caches\\8.12\\transforms\\62e42733fc48d7e4200114b93a9c82fb\\transformed\\core-1.13.1\\res\\values-ru\\values-ru.xml",
                    "from": {
                        "startLines": "2,3,4,5,6,7,8,9",
                        "startColumns": "4,4,4,4,4,4,4,4",
                        "startOffsets": "55,153,255,356,457,562,665,782",
                        "endColumns": "97,101,100,100,104,102,116,100",
                        "endOffsets": "148,250,351,452,557,660,777,878"
                    },
                    "to": {
                        "startLines": "2,3,4,5,6,7,8,31",
                        "startColumns": "4,4,4,4,4,4,4,4",
                        "startOffsets": "55,153,255,356,457,562,665,3485",
                        "endColumns": "97,101,100,100,104,102,116,100",
                        "endOffsets": "148,250,351,452,557,660,777,3581"
                    }
                },
                {
                    "source": "C:\\Users\\gonza\\.gradle\\caches\\8.12\\transforms\\906adeab1fc54800ccbfe1f925d79fc0\\transformed\\jetified-play-services-basement-18.3.0\\res\\values-ru\\values.xml",
                    "from": {
                        "startLines": "4",
                        "startColumns": "0",
                        "startOffsets": "195",
                        "endColumns": "152",
                        "endOffsets": "347"
                    },
                    "to": {
                        "startLines": "17",
                        "startColumns": "4",
                        "startOffsets": "1781",
                        "endColumns": "156",
                        "endOffsets": "1933"
                    }
                },
                {
                    "source": "C:\\Users\\gonza\\.gradle\\caches\\8.12\\transforms\\61d3d4fe2dd837d40b39785170a0ad2d\\transformed\\jetified-play-services-base-18.1.0\\res\\values-ru\\values.xml",
                    "from": {
                        "startLines": "4,5,6,7,8,9,10,11,12,13,14,15,16,17,18,19,20",
                        "startColumns": "0,0,0,0,0,0,0,0,0,0,0,0,0,0,0,0,0",
                        "startOffsets": "193,296,458,580,686,824,949,1060,1160,1337,1440,1599,1721,1884,2038,2103,2159",
                        "endColumns": "102,161,121,105,137,124,110,99,176,102,158,121,162,153,64,55,81",
                        "endOffsets": "295,457,579,685,823,948,1059,1159,1336,1439,1598,1720,1883,2037,2102,2158,2240"
                    },
                    "to": {
                        "startLines": "9,10,11,12,13,14,15,16,18,19,20,21,22,23,24,25,26",
                        "startColumns": "4,4,4,4,4,4,4,4,4,4,4,4,4,4,4,4,4",
                        "startOffsets": "782,889,1055,1181,1291,1433,1562,1677,1938,2119,2226,2389,2515,2682,2840,2909,2969",
                        "endColumns": "106,165,125,109,141,128,114,103,180,106,162,125,166,157,68,59,85",
                        "endOffsets": "884,1050,1176,1286,1428,1557,1672,1776,2114,2221,2384,2510,2677,2835,2904,2964,3050"
                    }
                },
                {
                    "source": "C:\\Users\\gonza\\.gradle\\caches\\8.12\\transforms\\8411a046f9616658209ad8ea4a5d985f\\transformed\\browser-1.4.0\\res\\values-ru\\values-ru.xml",
                    "from": {
                        "startLines": "2,3,4,5",
                        "startColumns": "4,4,4,4",
                        "startOffsets": "55,163,268,380",
                        "endColumns": "107,104,111,104",
                        "endOffsets": "158,263,375,480"
                    },
                    "to": {
                        "startLines": "27,28,29,30",
                        "startColumns": "4,4,4,4",
                        "startOffsets": "3055,3163,3268,3380",
                        "endColumns": "107,104,111,104",
                        "endOffsets": "3158,3263,3375,3480"
                    }
                }
            ]
        }
    ]
}