{
    "logs": [
        {
            "outputFile": "com.calispa.bankaio.app-mergeDebugResources-29:/values-lo/values-lo.xml",
            "map": [
                {
                    "source": "C:\\Users\\gonza\\.gradle\\caches\\8.12\\transforms\\8411a046f9616658209ad8ea4a5d985f\\transformed\\browser-1.4.0\\res\\values-lo\\values-lo.xml",
                    "from": {
                        "startLines": "2,3,4,5",
                        "startColumns": "4,4,4,4",
                        "startOffsets": "55,153,251,366",
                        "endColumns": "97,97,114,99",
                        "endOffsets": "148,246,361,461"
                    },
                    "to": {
                        "startLines": "27,28,29,30",
                        "startColumns": "4,4,4,4",
                        "startOffsets": "3015,3113,3211,3326",
                        "endColumns": "97,97,114,99",
                        "endOffsets": "3108,3206,3321,3421"
                    }
                },
                {
                    "source": "C:\\Users\\gonza\\.gradle\\caches\\8.12\\transforms\\61d3d4fe2dd837d40b39785170a0ad2d\\transformed\\jetified-play-services-base-18.1.0\\res\\values-lo\\values.xml",
                    "from": {
                        "startLines": "4,5,6,7,8,9,10,11,12,13,14,15,16,17,18,19,20",
                        "startColumns": "0,0,0,0,0,0,0,0,0,0,0,0,0,0,0,0,0",
                        "startOffsets": "193,297,463,589,692,840,961,1065,1177,1325,1426,1588,1713,1880,2037,2101,2166",
                        "endColumns": "103,165,125,102,147,120,103,111,147,100,161,124,166,156,63,64,80",
                        "endOffsets": "296,462,588,691,839,960,1064,1176,1324,1425,1587,1712,1879,2036,2100,2165,2246"
                    },
                    "to": {
                        "startLines": "9,10,11,12,13,14,15,16,18,19,20,21,22,23,24,25,26",
                        "startColumns": "4,4,4,4,4,4,4,4,4,4,4,4,4,4,4,4,4",
                        "startOffsets": "761,869,1039,1169,1276,1428,1553,1661,1909,2061,2166,2332,2461,2632,2793,2861,2930",
                        "endColumns": "107,169,129,106,151,124,107,115,151,104,165,128,170,160,67,68,84",
                        "endOffsets": "864,1034,1164,1271,1423,1548,1656,1772,2056,2161,2327,2456,2627,2788,2856,2925,3010"
                    }
                },
                {
                    "source": "C:\\Users\\gonza\\.gradle\\caches\\8.12\\transforms\\62e42733fc48d7e4200114b93a9c82fb\\transformed\\core-1.13.1\\res\\values-lo\\values-lo.xml",
                    "from": {
                        "startLines": "2,3,4,5,6,7,8,9",
                        "startColumns": "4,4,4,4,4,4,4,4",
                        "startOffsets": "55,151,254,353,451,552,650,761",
                        "endColumns": "95,102,98,97,100,97,110,100",
                        "endOffsets": "146,249,348,446,547,645,756,857"
                    },
                    "to": {
                        "startLines": "2,3,4,5,6,7,8,31",
                        "startColumns": "4,4,4,4,4,4,4,4",
                        "startOffsets": "55,151,254,353,451,552,650,3426",
                        "endColumns": "95,102,98,97,100,97,110,100",
                        "endOffsets": "146,249,348,446,547,645,756,3522"
                    }
                },
                {
                    "source": "C:\\Users\\gonza\\.gradle\\caches\\8.12\\transforms\\906adeab1fc54800ccbfe1f925d79fc0\\transformed\\jetified-play-services-basement-18.3.0\\res\\values-lo\\values.xml",
                    "from": {
                        "startLines": "4",
                        "startColumns": "0",
                        "startOffsets": "195",
                        "endColumns": "127",
                        "endOffsets": "322"
                    },
                    "to": {
                        "startLines": "17",
                        "startColumns": "4",
                        "startOffsets": "1777",
                        "endColumns": "131",
                        "endOffsets": "1904"
                    }
                }
            ]
        }
    ]
}