{
    "logs": [
        {
            "outputFile": "com.calispa.bankaio.app-mergeDebugResources-29:/values-ro/values-ro.xml",
            "map": [
                {
                    "source": "C:\\Users\\gonza\\.gradle\\caches\\8.12\\transforms\\8411a046f9616658209ad8ea4a5d985f\\transformed\\browser-1.4.0\\res\\values-ro\\values-ro.xml",
                    "from": {
                        "startLines": "2,3,4,5",
                        "startColumns": "4,4,4,4",
                        "startOffsets": "55,162,264,379",
                        "endColumns": "106,101,114,104",
                        "endOffsets": "157,259,374,479"
                    },
                    "to": {
                        "startLines": "27,28,29,30",
                        "startColumns": "4,4,4,4",
                        "startOffsets": "3041,3148,3250,3365",
                        "endColumns": "106,101,114,104",
                        "endOffsets": "3143,3245,3360,3465"
                    }
                },
                {
                    "source": "C:\\Users\\gonza\\.gradle\\caches\\8.12\\transforms\\61d3d4fe2dd837d40b39785170a0ad2d\\transformed\\jetified-play-services-base-18.1.0\\res\\values-ro\\values.xml",
                    "from": {
                        "startLines": "4,5,6,7,8,9,10,11,12,13,14,15,16,17,18,19,20",
                        "startColumns": "0,0,0,0,0,0,0,0,0,0,0,0,0,0,0,0,0",
                        "startOffsets": "193,296,452,577,682,829,957,1076,1181,1339,1445,1600,1728,1870,2032,2099,2162",
                        "endColumns": "102,155,124,104,146,127,118,104,157,105,154,127,141,161,66,62,77",
                        "endOffsets": "295,451,576,681,828,956,1075,1180,1338,1444,1599,1727,1869,2031,2098,2161,2239"
                    },
                    "to": {
                        "startLines": "9,10,11,12,13,14,15,16,18,19,20,21,22,23,24,25,26",
                        "startColumns": "4,4,4,4,4,4,4,4,4,4,4,4,4,4,4,4,4",
                        "startOffsets": "782,889,1049,1178,1287,1438,1570,1693,1946,2108,2218,2377,2509,2655,2821,2892,2959",
                        "endColumns": "106,159,128,108,150,131,122,108,161,109,158,131,145,165,70,66,81",
                        "endOffsets": "884,1044,1173,1282,1433,1565,1688,1797,2103,2213,2372,2504,2650,2816,2887,2954,3036"
                    }
                },
                {
                    "source": "C:\\Users\\gonza\\.gradle\\caches\\8.12\\transforms\\62e42733fc48d7e4200114b93a9c82fb\\transformed\\core-1.13.1\\res\\values-ro\\values-ro.xml",
                    "from": {
                        "startLines": "2,3,4,5,6,7,8,9",
                        "startColumns": "4,4,4,4,4,4,4,4",
                        "startOffsets": "55,153,255,355,454,556,665,782",
                        "endColumns": "97,101,99,98,101,108,116,100",
                        "endOffsets": "148,250,350,449,551,660,777,878"
                    },
                    "to": {
                        "startLines": "2,3,4,5,6,7,8,31",
                        "startColumns": "4,4,4,4,4,4,4,4",
                        "startOffsets": "55,153,255,355,454,556,665,3470",
                        "endColumns": "97,101,99,98,101,108,116,100",
                        "endOffsets": "148,250,350,449,551,660,777,3566"
                    }
                },
                {
                    "source": "C:\\Users\\gonza\\.gradle\\caches\\8.12\\transforms\\906adeab1fc54800ccbfe1f925d79fc0\\transformed\\jetified-play-services-basement-18.3.0\\res\\values-ro\\values.xml",
                    "from": {
                        "startLines": "4",
                        "startColumns": "0",
                        "startOffsets": "195",
                        "endColumns": "139",
                        "endOffsets": "334"
                    },
                    "to": {
                        "startLines": "17",
                        "startColumns": "4",
                        "startOffsets": "1802",
                        "endColumns": "143",
                        "endOffsets": "1941"
                    }
                }
            ]
        }
    ]
}