{
    "logs": [
        {
            "outputFile": "com.calispa.bankaio.app-mergeDebugResources-29:/values-pa/values-pa.xml",
            "map": [
                {
                    "source": "C:\\Users\\gonza\\.gradle\\caches\\8.12\\transforms\\61d3d4fe2dd837d40b39785170a0ad2d\\transformed\\jetified-play-services-base-18.1.0\\res\\values-pa\\values.xml",
                    "from": {
                        "startLines": "4,5,6,7,8,9,10,11,12,13,14,15,16,17,18,19,20",
                        "startColumns": "0,0,0,0,0,0,0,0,0,0,0,0,0,0,0,0,0",
                        "startOffsets": "193,296,465,591,696,839,964,1073,1172,1330,1435,1604,1732,1881,2038,2099,2161",
                        "endColumns": "102,168,125,104,142,124,108,98,157,104,168,127,148,156,60,61,77",
                        "endOffsets": "295,464,590,695,838,963,1072,1171,1329,1434,1603,1731,1880,2037,2098,2160,2238"
                    },
                    "to": {
                        "startLines": "9,10,11,12,13,14,15,16,18,19,20,21,22,23,24,25,26",
                        "startColumns": "4,4,4,4,4,4,4,4,4,4,4,4,4,4,4,4,4",
                        "startOffsets": "788,895,1068,1198,1307,1454,1583,1696,1950,2112,2221,2394,2526,2679,2840,2905,2971",
                        "endColumns": "106,172,129,108,146,128,112,102,161,108,172,131,152,160,64,65,81",
                        "endOffsets": "890,1063,1193,1302,1449,1578,1691,1794,2107,2216,2389,2521,2674,2835,2900,2966,3048"
                    }
                },
                {
                    "source": "C:\\Users\\gonza\\.gradle\\caches\\8.12\\transforms\\62e42733fc48d7e4200114b93a9c82fb\\transformed\\core-1.13.1\\res\\values-pa\\values-pa.xml",
                    "from": {
                        "startLines": "2,3,4,5,6,7,8,9",
                        "startColumns": "4,4,4,4,4,4,4,4",
                        "startOffsets": "55,153,255,358,459,561,659,788",
                        "endColumns": "97,101,102,100,101,97,128,100",
                        "endOffsets": "148,250,353,454,556,654,783,884"
                    },
                    "to": {
                        "startLines": "2,3,4,5,6,7,8,31",
                        "startColumns": "4,4,4,4,4,4,4,4",
                        "startOffsets": "55,153,255,358,459,561,659,3476",
                        "endColumns": "97,101,102,100,101,97,128,100",
                        "endOffsets": "148,250,353,454,556,654,783,3572"
                    }
                },
                {
                    "source": "C:\\Users\\gonza\\.gradle\\caches\\8.12\\transforms\\906adeab1fc54800ccbfe1f925d79fc0\\transformed\\jetified-play-services-basement-18.3.0\\res\\values-pa\\values.xml",
                    "from": {
                        "startLines": "4",
                        "startColumns": "0",
                        "startOffsets": "195",
                        "endColumns": "146",
                        "endOffsets": "341"
                    },
                    "to": {
                        "startLines": "17",
                        "startColumns": "4",
                        "startOffsets": "1799",
                        "endColumns": "150",
                        "endOffsets": "1945"
                    }
                },
                {
                    "source": "C:\\Users\\gonza\\.gradle\\caches\\8.12\\transforms\\8411a046f9616658209ad8ea4a5d985f\\transformed\\browser-1.4.0\\res\\values-pa\\values-pa.xml",
                    "from": {
                        "startLines": "2,3,4,5",
                        "startColumns": "4,4,4,4",
                        "startOffsets": "55,160,261,375",
                        "endColumns": "104,100,113,102",
                        "endOffsets": "155,256,370,473"
                    },
                    "to": {
                        "startLines": "27,28,29,30",
                        "startColumns": "4,4,4,4",
                        "startOffsets": "3053,3158,3259,3373",
                        "endColumns": "104,100,113,102",
                        "endOffsets": "3153,3254,3368,3471"
                    }
                }
            ]
        }
    ]
}