{
    "logs": [
        {
            "outputFile": "com.calispa.bankaio.app-mergeDebugResources-29:/values-fr/values-fr.xml",
            "map": [
                {
                    "source": "C:\\Users\\gonza\\.gradle\\caches\\8.12\\transforms\\61d3d4fe2dd837d40b39785170a0ad2d\\transformed\\jetified-play-services-base-18.1.0\\res\\values-fr\\values.xml",
                    "from": {
                        "startLines": "4,5,6,7,8,9,10,11,12,13,14,15,16,17,18,19,20",
                        "startColumns": "0,0,0,0,0,0,0,0,0,0,0,0,0,0,0,0,0",
                        "startOffsets": "193,295,471,597,702,869,998,1115,1224,1398,1506,1687,1819,1975,2150,2219,2282",
                        "endColumns": "101,175,125,104,166,128,116,108,173,107,180,131,155,174,68,62,79",
                        "endOffsets": "294,470,596,701,868,997,1114,1223,1397,1505,1686,1818,1974,2149,2218,2281,2361"
                    },
                    "to": {
                        "startLines": "9,10,11,12,13,14,15,16,18,19,20,21,22,23,24,25,26",
                        "startColumns": "4,4,4,4,4,4,4,4,4,4,4,4,4,4,4,4,4",
                        "startOffsets": "782,888,1068,1198,1307,1478,1611,1732,2010,2188,2300,2485,2621,2781,2960,3033,3100",
                        "endColumns": "105,179,129,108,170,132,120,112,177,111,184,135,159,178,72,66,83",
                        "endOffsets": "883,1063,1193,1302,1473,1606,1727,1840,2183,2295,2480,2616,2776,2955,3028,3095,3179"
                    }
                },
                {
                    "source": "C:\\Users\\gonza\\.gradle\\caches\\8.12\\transforms\\8411a046f9616658209ad8ea4a5d985f\\transformed\\browser-1.4.0\\res\\values-fr\\values-fr.xml",
                    "from": {
                        "startLines": "2,3,4,5",
                        "startColumns": "4,4,4,4",
                        "startOffsets": "55,162,264,383",
                        "endColumns": "106,101,118,104",
                        "endOffsets": "157,259,378,483"
                    },
                    "to": {
                        "startLines": "27,28,29,30",
                        "startColumns": "4,4,4,4",
                        "startOffsets": "3184,3291,3393,3512",
                        "endColumns": "106,101,118,104",
                        "endOffsets": "3286,3388,3507,3612"
                    }
                },
                {
                    "source": "C:\\Users\\gonza\\.gradle\\caches\\8.12\\transforms\\62e42733fc48d7e4200114b93a9c82fb\\transformed\\core-1.13.1\\res\\values-fr\\values-fr.xml",
                    "from": {
                        "startLines": "2,3,4,5,6,7,8,9",
                        "startColumns": "4,4,4,4,4,4,4,4",
                        "startOffsets": "55,153,255,354,456,560,664,782",
                        "endColumns": "97,101,98,101,103,103,117,100",
                        "endOffsets": "148,250,349,451,555,659,777,878"
                    },
                    "to": {
                        "startLines": "2,3,4,5,6,7,8,31",
                        "startColumns": "4,4,4,4,4,4,4,4",
                        "startOffsets": "55,153,255,354,456,560,664,3617",
                        "endColumns": "97,101,98,101,103,103,117,100",
                        "endOffsets": "148,250,349,451,555,659,777,3713"
                    }
                },
                {
                    "source": "C:\\Users\\gonza\\.gradle\\caches\\8.12\\transforms\\906adeab1fc54800ccbfe1f925d79fc0\\transformed\\jetified-play-services-basement-18.3.0\\res\\values-fr\\values.xml",
                    "from": {
                        "startLines": "4",
                        "startColumns": "0",
                        "startOffsets": "195",
                        "endColumns": "160",
                        "endOffsets": "355"
                    },
                    "to": {
                        "startLines": "17",
                        "startColumns": "4",
                        "startOffsets": "1845",
                        "endColumns": "164",
                        "endOffsets": "2005"
                    }
                }
            ]
        }
    ]
}