{
    "logs": [
        {
            "outputFile": "com.calispa.bankaio.app-mergeDebugResources-29:/values-gu/values-gu.xml",
            "map": [
                {
                    "source": "C:\\Users\\gonza\\.gradle\\caches\\8.12\\transforms\\906adeab1fc54800ccbfe1f925d79fc0\\transformed\\jetified-play-services-basement-18.3.0\\res\\values-gu\\values.xml",
                    "from": {
                        "startLines": "4",
                        "startColumns": "0",
                        "startOffsets": "195",
                        "endColumns": "142",
                        "endOffsets": "337"
                    },
                    "to": {
                        "startLines": "17",
                        "startColumns": "4",
                        "startOffsets": "1755",
                        "endColumns": "146",
                        "endOffsets": "1897"
                    }
                },
                {
                    "source": "C:\\Users\\gonza\\.gradle\\caches\\8.12\\transforms\\8411a046f9616658209ad8ea4a5d985f\\transformed\\browser-1.4.0\\res\\values-gu\\values-gu.xml",
                    "from": {
                        "startLines": "2,3,4,5",
                        "startColumns": "4,4,4,4",
                        "startOffsets": "55,156,257,366",
                        "endColumns": "100,100,108,100",
                        "endOffsets": "151,252,361,462"
                    },
                    "to": {
                        "startLines": "27,28,29,30",
                        "startColumns": "4,4,4,4",
                        "startOffsets": "2949,3050,3151,3260",
                        "endColumns": "100,100,108,100",
                        "endOffsets": "3045,3146,3255,3356"
                    }
                },
                {
                    "source": "C:\\Users\\gonza\\.gradle\\caches\\8.12\\transforms\\62e42733fc48d7e4200114b93a9c82fb\\transformed\\core-1.13.1\\res\\values-gu\\values-gu.xml",
                    "from": {
                        "startLines": "2,3,4,5,6,7,8,9",
                        "startColumns": "4,4,4,4,4,4,4,4",
                        "startOffsets": "55,149,252,349,451,553,651,773",
                        "endColumns": "93,102,96,101,101,97,121,100",
                        "endOffsets": "144,247,344,446,548,646,768,869"
                    },
                    "to": {
                        "startLines": "2,3,4,5,6,7,8,31",
                        "startColumns": "4,4,4,4,4,4,4,4",
                        "startOffsets": "55,149,252,349,451,553,651,3361",
                        "endColumns": "93,102,96,101,101,97,121,100",
                        "endOffsets": "144,247,344,446,548,646,768,3457"
                    }
                },
                {
                    "source": "C:\\Users\\gonza\\.gradle\\caches\\8.12\\transforms\\61d3d4fe2dd837d40b39785170a0ad2d\\transformed\\jetified-play-services-base-18.1.0\\res\\values-gu\\values.xml",
                    "from": {
                        "startLines": "4,5,6,7,8,9,10,11,12,13,14,15,16,17,18,19,20",
                        "startColumns": "0,0,0,0,0,0,0,0,0,0,0,0,0,0,0,0,0",
                        "startOffsets": "193,297,459,580,688,822,940,1047,1143,1287,1391,1551,1672,1811,1957,2014,2076",
                        "endColumns": "103,161,120,107,133,117,106,95,143,103,159,120,138,145,56,61,77",
                        "endOffsets": "296,458,579,687,821,939,1046,1142,1286,1390,1550,1671,1810,1956,2013,2075,2153"
                    },
                    "to": {
                        "startLines": "9,10,11,12,13,14,15,16,18,19,20,21,22,23,24,25,26",
                        "startColumns": "4,4,4,4,4,4,4,4,4,4,4,4,4,4,4,4,4",
                        "startOffsets": "773,881,1047,1172,1284,1422,1544,1655,1902,2050,2158,2322,2447,2590,2740,2801,2867",
                        "endColumns": "107,165,124,111,137,121,110,99,147,107,163,124,142,149,60,65,81",
                        "endOffsets": "876,1042,1167,1279,1417,1539,1650,1750,2045,2153,2317,2442,2585,2735,2796,2862,2944"
                    }
                }
            ]
        }
    ]
}