{
    "logs": [
        {
            "outputFile": "com.calispa.bankaio.app-mergeDebugResources-29:/values-hu/values-hu.xml",
            "map": [
                {
                    "source": "C:\\Users\\gonza\\.gradle\\caches\\8.12\\transforms\\906adeab1fc54800ccbfe1f925d79fc0\\transformed\\jetified-play-services-basement-18.3.0\\res\\values-hu\\values.xml",
                    "from": {
                        "startLines": "4",
                        "startColumns": "0",
                        "startOffsets": "195",
                        "endColumns": "172",
                        "endOffsets": "367"
                    },
                    "to": {
                        "startLines": "17",
                        "startColumns": "4",
                        "startOffsets": "1857",
                        "endColumns": "176",
                        "endOffsets": "2029"
                    }
                },
                {
                    "source": "C:\\Users\\gonza\\.gradle\\caches\\8.12\\transforms\\62e42733fc48d7e4200114b93a9c82fb\\transformed\\core-1.13.1\\res\\values-hu\\values-hu.xml",
                    "from": {
                        "startLines": "2,3,4,5,6,7,8,9",
                        "startColumns": "4,4,4,4,4,4,4,4",
                        "startOffsets": "55,152,254,356,457,560,667,777",
                        "endColumns": "96,101,101,100,102,106,109,100",
                        "endOffsets": "147,249,351,452,555,662,772,873"
                    },
                    "to": {
                        "startLines": "2,3,4,5,6,7,8,31",
                        "startColumns": "4,4,4,4,4,4,4,4",
                        "startOffsets": "55,152,254,356,457,560,667,3621",
                        "endColumns": "96,101,101,100,102,106,109,100",
                        "endOffsets": "147,249,351,452,555,662,772,3717"
                    }
                },
                {
                    "source": "C:\\Users\\gonza\\.gradle\\caches\\8.12\\transforms\\8411a046f9616658209ad8ea4a5d985f\\transformed\\browser-1.4.0\\res\\values-hu\\values-hu.xml",
                    "from": {
                        "startLines": "2,3,4,5",
                        "startColumns": "4,4,4,4",
                        "startOffsets": "55,151,252,367",
                        "endColumns": "95,100,114,103",
                        "endOffsets": "146,247,362,466"
                    },
                    "to": {
                        "startLines": "27,28,29,30",
                        "startColumns": "4,4,4,4",
                        "startOffsets": "3205,3301,3402,3517",
                        "endColumns": "95,100,114,103",
                        "endOffsets": "3296,3397,3512,3616"
                    }
                },
                {
                    "source": "C:\\Users\\gonza\\.gradle\\caches\\8.12\\transforms\\61d3d4fe2dd837d40b39785170a0ad2d\\transformed\\jetified-play-services-base-18.1.0\\res\\values-hu\\values.xml",
                    "from": {
                        "startLines": "4,5,6,7,8,9,10,11,12,13,14,15,16,17,18,19,20",
                        "startColumns": "0,0,0,0,0,0,0,0,0,0,0,0,0,0,0,0,0",
                        "startOffsets": "193,300,480,614,719,883,1017,1135,1241,1407,1511,1692,1825,1993,2161,2228,2292",
                        "endColumns": "106,179,133,104,163,133,117,105,165,103,180,132,167,167,66,63,83",
                        "endOffsets": "299,479,613,718,882,1016,1134,1240,1406,1510,1691,1824,1992,2160,2227,2291,2375"
                    },
                    "to": {
                        "startLines": "9,10,11,12,13,14,15,16,18,19,20,21,22,23,24,25,26",
                        "startColumns": "4,4,4,4,4,4,4,4,4,4,4,4,4,4,4,4,4",
                        "startOffsets": "777,888,1072,1210,1319,1487,1625,1747,2034,2204,2312,2497,2634,2806,2978,3049,3117",
                        "endColumns": "110,183,137,108,167,137,121,109,169,107,184,136,171,171,70,67,87",
                        "endOffsets": "883,1067,1205,1314,1482,1620,1742,1852,2199,2307,2492,2629,2801,2973,3044,3112,3200"
                    }
                }
            ]
        }
    ]
}