{
    "logs": [
        {
            "outputFile": "com.calispa.bankaio.app-mergeDebugResources-29:/values-vi/values-vi.xml",
            "map": [
                {
                    "source": "C:\\Users\\gonza\\.gradle\\caches\\8.12\\transforms\\62e42733fc48d7e4200114b93a9c82fb\\transformed\\core-1.13.1\\res\\values-vi\\values-vi.xml",
                    "from": {
                        "startLines": "2,3,4,5,6,7,8,9",
                        "startColumns": "4,4,4,4,4,4,4,4",
                        "startOffsets": "55,152,254,353,453,556,669,785",
                        "endColumns": "96,101,98,99,102,112,115,100",
                        "endOffsets": "147,249,348,448,551,664,780,881"
                    },
                    "to": {
                        "startLines": "2,3,4,5,6,7,8,31",
                        "startColumns": "4,4,4,4,4,4,4,4",
                        "startOffsets": "55,152,254,353,453,556,669,3466",
                        "endColumns": "96,101,98,99,102,112,115,100",
                        "endOffsets": "147,249,348,448,551,664,780,3562"
                    }
                },
                {
                    "source": "C:\\Users\\gonza\\.gradle\\caches\\8.12\\transforms\\906adeab1fc54800ccbfe1f925d79fc0\\transformed\\jetified-play-services-basement-18.3.0\\res\\values-vi\\values.xml",
                    "from": {
                        "startLines": "4",
                        "startColumns": "0",
                        "startOffsets": "195",
                        "endColumns": "123",
                        "endOffsets": "318"
                    },
                    "to": {
                        "startLines": "17",
                        "startColumns": "4",
                        "startOffsets": "1801",
                        "endColumns": "127",
                        "endOffsets": "1924"
                    }
                },
                {
                    "source": "C:\\Users\\gonza\\.gradle\\caches\\8.12\\transforms\\61d3d4fe2dd837d40b39785170a0ad2d\\transformed\\jetified-play-services-base-18.1.0\\res\\values-vi\\values.xml",
                    "from": {
                        "startLines": "4,5,6,7,8,9,10,11,12,13,14,15,16,17,18,19,20",
                        "startColumns": "0,0,0,0,0,0,0,0,0,0,0,0,0,0,0,0,0",
                        "startOffsets": "193,291,449,570,675,836,962,1077,1177,1346,1449,1602,1728,1883,2028,2092,2152",
                        "endColumns": "97,157,120,104,160,125,114,99,168,102,152,125,154,144,63,59,78",
                        "endOffsets": "290,448,569,674,835,961,1076,1176,1345,1448,1601,1727,1882,2027,2091,2151,2230"
                    },
                    "to": {
                        "startLines": "9,10,11,12,13,14,15,16,18,19,20,21,22,23,24,25,26",
                        "startColumns": "4,4,4,4,4,4,4,4,4,4,4,4,4,4,4,4,4",
                        "startOffsets": "785,887,1049,1174,1283,1448,1578,1697,1929,2102,2209,2366,2496,2655,2804,2872,2936",
                        "endColumns": "101,161,124,108,164,129,118,103,172,106,156,129,158,148,67,63,82",
                        "endOffsets": "882,1044,1169,1278,1443,1573,1692,1796,2097,2204,2361,2491,2650,2799,2867,2931,3014"
                    }
                },
                {
                    "source": "C:\\Users\\gonza\\.gradle\\caches\\8.12\\transforms\\8411a046f9616658209ad8ea4a5d985f\\transformed\\browser-1.4.0\\res\\values-vi\\values-vi.xml",
                    "from": {
                        "startLines": "2,3,4,5",
                        "startColumns": "4,4,4,4",
                        "startOffsets": "55,172,283,397",
                        "endColumns": "116,110,113,104",
                        "endOffsets": "167,278,392,497"
                    },
                    "to": {
                        "startLines": "27,28,29,30",
                        "startColumns": "4,4,4,4",
                        "startOffsets": "3019,3136,3247,3361",
                        "endColumns": "116,110,113,104",
                        "endOffsets": "3131,3242,3356,3461"
                    }
                }
            ]
        }
    ]
}