{
    "logs": [
        {
            "outputFile": "com.calispa.bankaio.app-mergeDebugResources-29:/values-am/values-am.xml",
            "map": [
                {
                    "source": "C:\\Users\\gonza\\.gradle\\caches\\8.12\\transforms\\8411a046f9616658209ad8ea4a5d985f\\transformed\\browser-1.4.0\\res\\values-am\\values-am.xml",
                    "from": {
                        "startLines": "2,3,4,5",
                        "startColumns": "4,4,4,4",
                        "startOffsets": "55,151,246,352",
                        "endColumns": "95,94,105,96",
                        "endOffsets": "146,241,347,444"
                    },
                    "to": {
                        "startLines": "27,28,29,30",
                        "startColumns": "4,4,4,4",
                        "startOffsets": "2748,2844,2939,3045",
                        "endColumns": "95,94,105,96",
                        "endOffsets": "2839,2934,3040,3137"
                    }
                },
                {
                    "source": "C:\\Users\\gonza\\.gradle\\caches\\8.12\\transforms\\61d3d4fe2dd837d40b39785170a0ad2d\\transformed\\jetified-play-services-base-18.1.0\\res\\values-am\\values.xml",
                    "from": {
                        "startLines": "4,5,6,7,8,9,10,11,12,13,14,15,16,17,18,19,20",
                        "startColumns": "0,0,0,0,0,0,0,0,0,0,0,0,0,0,0,0,0",
                        "startOffsets": "193,291,426,544,642,765,884,988,1086,1210,1309,1450,1569,1700,1823,1879,1932",
                        "endColumns": "97,134,117,97,122,118,103,97,123,98,140,118,130,122,55,52,66",
                        "endOffsets": "290,425,543,641,764,883,987,1085,1209,1308,1449,1568,1699,1822,1878,1931,1998"
                    },
                    "to": {
                        "startLines": "9,10,11,12,13,14,15,16,18,19,20,21,22,23,24,25,26",
                        "startColumns": "4,4,4,4,4,4,4,4,4,4,4,4,4,4,4,4,4",
                        "startOffsets": "742,844,983,1105,1207,1334,1457,1565,1799,1927,2030,2175,2298,2433,2560,2620,2677",
                        "endColumns": "101,138,121,101,126,122,107,101,127,102,144,122,134,126,59,56,70",
                        "endOffsets": "839,978,1100,1202,1329,1452,1560,1662,1922,2025,2170,2293,2428,2555,2615,2672,2743"
                    }
                },
                {
                    "source": "C:\\Users\\gonza\\.gradle\\caches\\8.12\\transforms\\62e42733fc48d7e4200114b93a9c82fb\\transformed\\core-1.13.1\\res\\values-am\\values-am.xml",
                    "from": {
                        "startLines": "2,3,4,5,6,7,8,9",
                        "startColumns": "4,4,4,4,4,4,4,4",
                        "startOffsets": "55,148,248,345,444,540,642,742",
                        "endColumns": "92,99,96,98,95,101,99,100",
                        "endOffsets": "143,243,340,439,535,637,737,838"
                    },
                    "to": {
                        "startLines": "2,3,4,5,6,7,8,31",
                        "startColumns": "4,4,4,4,4,4,4,4",
                        "startOffsets": "55,148,248,345,444,540,642,3142",
                        "endColumns": "92,99,96,98,95,101,99,100",
                        "endOffsets": "143,243,340,439,535,637,737,3238"
                    }
                },
                {
                    "source": "C:\\Users\\gonza\\.gradle\\caches\\8.12\\transforms\\906adeab1fc54800ccbfe1f925d79fc0\\transformed\\jetified-play-services-basement-18.3.0\\res\\values-am\\values.xml",
                    "from": {
                        "startLines": "4",
                        "startColumns": "0",
                        "startOffsets": "195",
                        "endColumns": "127",
                        "endOffsets": "322"
                    },
                    "to": {
                        "startLines": "17",
                        "startColumns": "4",
                        "startOffsets": "1667",
                        "endColumns": "131",
                        "endOffsets": "1794"
                    }
                }
            ]
        }
    ]
}