{
    "logs": [
        {
            "outputFile": "com.calispa.bankaio.app-mergeDebugResources-29:/values-ne/values-ne.xml",
            "map": [
                {
                    "source": "C:\\Users\\gonza\\.gradle\\caches\\8.12\\transforms\\8411a046f9616658209ad8ea4a5d985f\\transformed\\browser-1.4.0\\res\\values-ne\\values-ne.xml",
                    "from": {
                        "startLines": "2,3,4,5",
                        "startColumns": "4,4,4,4",
                        "startOffsets": "55,162,274,388",
                        "endColumns": "106,111,113,107",
                        "endOffsets": "157,269,383,491"
                    },
                    "to": {
                        "startLines": "27,28,29,30",
                        "startColumns": "4,4,4,4",
                        "startOffsets": "3102,3209,3321,3435",
                        "endColumns": "106,111,113,107",
                        "endOffsets": "3204,3316,3430,3538"
                    }
                },
                {
                    "source": "C:\\Users\\gonza\\.gradle\\caches\\8.12\\transforms\\62e42733fc48d7e4200114b93a9c82fb\\transformed\\core-1.13.1\\res\\values-ne\\values-ne.xml",
                    "from": {
                        "startLines": "2,3,4,5,6,7,8,9",
                        "startColumns": "4,4,4,4,4,4,4,4",
                        "startOffsets": "55,158,261,363,469,567,667,775",
                        "endColumns": "102,102,101,105,97,99,107,100",
                        "endOffsets": "153,256,358,464,562,662,770,871"
                    },
                    "to": {
                        "startLines": "2,3,4,5,6,7,8,31",
                        "startColumns": "4,4,4,4,4,4,4,4",
                        "startOffsets": "55,158,261,363,469,567,667,3543",
                        "endColumns": "102,102,101,105,97,99,107,100",
                        "endOffsets": "153,256,358,464,562,662,770,3639"
                    }
                },
                {
                    "source": "C:\\Users\\gonza\\.gradle\\caches\\8.12\\transforms\\61d3d4fe2dd837d40b39785170a0ad2d\\transformed\\jetified-play-services-base-18.1.0\\res\\values-ne\\values.xml",
                    "from": {
                        "startLines": "4,5,6,7,8,9,10,11,12,13,14,15,16,17,18,19,20",
                        "startColumns": "0,0,0,0,0,0,0,0,0,0,0,0,0,0,0,0,0",
                        "startOffsets": "193,300,454,584,697,864,996,1102,1203,1379,1489,1649,1778,1922,2070,2132,2200",
                        "endColumns": "106,153,129,112,166,131,105,100,175,109,159,128,143,147,61,67,87",
                        "endOffsets": "299,453,583,696,863,995,1101,1202,1378,1488,1648,1777,1921,2069,2131,2199,2287"
                    },
                    "to": {
                        "startLines": "9,10,11,12,13,14,15,16,18,19,20,21,22,23,24,25,26",
                        "startColumns": "4,4,4,4,4,4,4,4,4,4,4,4,4,4,4,4,4",
                        "startOffsets": "775,886,1044,1178,1295,1466,1602,1712,1981,2161,2275,2439,2572,2720,2872,2938,3010",
                        "endColumns": "110,157,133,116,170,135,109,104,179,113,163,132,147,151,65,71,91",
                        "endOffsets": "881,1039,1173,1290,1461,1597,1707,1812,2156,2270,2434,2567,2715,2867,2933,3005,3097"
                    }
                },
                {
                    "source": "C:\\Users\\gonza\\.gradle\\caches\\8.12\\transforms\\906adeab1fc54800ccbfe1f925d79fc0\\transformed\\jetified-play-services-basement-18.3.0\\res\\values-ne\\values.xml",
                    "from": {
                        "startLines": "4",
                        "startColumns": "0",
                        "startOffsets": "195",
                        "endColumns": "159",
                        "endOffsets": "354"
                    },
                    "to": {
                        "startLines": "17",
                        "startColumns": "4",
                        "startOffsets": "1817",
                        "endColumns": "163",
                        "endOffsets": "1976"
                    }
                }
            ]
        }
    ]
}