{
    "logs": [
        {
            "outputFile": "com.calispa.bankaio.app-mergeDebugResources-29:/values-az/values-az.xml",
            "map": [
                {
                    "source": "C:\\Users\\gonza\\.gradle\\caches\\8.12\\transforms\\8411a046f9616658209ad8ea4a5d985f\\transformed\\browser-1.4.0\\res\\values-az\\values-az.xml",
                    "from": {
                        "startLines": "2,3,4,5",
                        "startColumns": "4,4,4,4",
                        "startOffsets": "55,151,255,363",
                        "endColumns": "95,103,107,102",
                        "endOffsets": "146,250,358,461"
                    },
                    "to": {
                        "startLines": "27,28,29,30",
                        "startColumns": "4,4,4,4",
                        "startOffsets": "3028,3124,3228,3336",
                        "endColumns": "95,103,107,102",
                        "endOffsets": "3119,3223,3331,3434"
                    }
                },
                {
                    "source": "C:\\Users\\gonza\\.gradle\\caches\\8.12\\transforms\\61d3d4fe2dd837d40b39785170a0ad2d\\transformed\\jetified-play-services-base-18.1.0\\res\\values-az\\values.xml",
                    "from": {
                        "startLines": "4,5,6,7,8,9,10,11,12,13,14,15,16,17,18,19,20",
                        "startColumns": "0,0,0,0,0,0,0,0,0,0,0,0,0,0,0,0,0",
                        "startOffsets": "193,298,449,578,684,826,955,1071,1173,1335,1441,1586,1719,1859,2011,2071,2132",
                        "endColumns": "104,150,128,105,141,128,115,101,161,105,144,132,139,151,59,60,76",
                        "endOffsets": "297,448,577,683,825,954,1070,1172,1334,1440,1585,1718,1858,2010,2070,2131,2208"
                    },
                    "to": {
                        "startLines": "9,10,11,12,13,14,15,16,18,19,20,21,22,23,24,25,26",
                        "startColumns": "4,4,4,4,4,4,4,4,4,4,4,4,4,4,4,4,4",
                        "startOffsets": "782,891,1046,1179,1289,1435,1568,1688,1956,2122,2232,2381,2518,2662,2818,2882,2947",
                        "endColumns": "108,154,132,109,145,132,119,105,165,109,148,136,143,155,63,64,80",
                        "endOffsets": "886,1041,1174,1284,1430,1563,1683,1789,2117,2227,2376,2513,2657,2813,2877,2942,3023"
                    }
                },
                {
                    "source": "C:\\Users\\gonza\\.gradle\\caches\\8.12\\transforms\\62e42733fc48d7e4200114b93a9c82fb\\transformed\\core-1.13.1\\res\\values-az\\values-az.xml",
                    "from": {
                        "startLines": "2,3,4,5,6,7,8,9",
                        "startColumns": "4,4,4,4,4,4,4,4",
                        "startOffsets": "55,156,258,361,465,566,671,782",
                        "endColumns": "100,101,102,103,100,104,110,100",
                        "endOffsets": "151,253,356,460,561,666,777,878"
                    },
                    "to": {
                        "startLines": "2,3,4,5,6,7,8,31",
                        "startColumns": "4,4,4,4,4,4,4,4",
                        "startOffsets": "55,156,258,361,465,566,671,3439",
                        "endColumns": "100,101,102,103,100,104,110,100",
                        "endOffsets": "151,253,356,460,561,666,777,3535"
                    }
                },
                {
                    "source": "C:\\Users\\gonza\\.gradle\\caches\\8.12\\transforms\\906adeab1fc54800ccbfe1f925d79fc0\\transformed\\jetified-play-services-basement-18.3.0\\res\\values-az\\values.xml",
                    "from": {
                        "startLines": "4",
                        "startColumns": "0",
                        "startOffsets": "195",
                        "endColumns": "157",
                        "endOffsets": "352"
                    },
                    "to": {
                        "startLines": "17",
                        "startColumns": "4",
                        "startOffsets": "1794",
                        "endColumns": "161",
                        "endOffsets": "1951"
                    }
                }
            ]
        }
    ]
}