{
    "logs": [
        {
            "outputFile": "com.calispa.bankaio.app-mergeDebugResources-29:/values-sl/values-sl.xml",
            "map": [
                {
                    "source": "C:\\Users\\gonza\\.gradle\\caches\\8.12\\transforms\\62e42733fc48d7e4200114b93a9c82fb\\transformed\\core-1.13.1\\res\\values-sl\\values-sl.xml",
                    "from": {
                        "startLines": "2,3,4,5,6,7,8,9",
                        "startColumns": "4,4,4,4,4,4,4,4",
                        "startOffsets": "55,152,254,352,456,559,661,778",
                        "endColumns": "96,101,97,103,102,101,116,100",
                        "endOffsets": "147,249,347,451,554,656,773,874"
                    },
                    "to": {
                        "startLines": "2,3,4,5,6,7,8,31",
                        "startColumns": "4,4,4,4,4,4,4,4",
                        "startOffsets": "55,152,254,352,456,559,661,3426",
                        "endColumns": "96,101,97,103,102,101,116,100",
                        "endOffsets": "147,249,347,451,554,656,773,3522"
                    }
                },
                {
                    "source": "C:\\Users\\gonza\\.gradle\\caches\\8.12\\transforms\\61d3d4fe2dd837d40b39785170a0ad2d\\transformed\\jetified-play-services-base-18.1.0\\res\\values-sl\\values.xml",
                    "from": {
                        "startLines": "4,5,6,7,8,9,10,11,12,13,14,15,16,17,18,19,20",
                        "startColumns": "0,0,0,0,0,0,0,0,0,0,0,0,0,0,0,0,0",
                        "startOffsets": "193,295,456,581,684,827,953,1063,1163,1317,1420,1583,1709,1857,2005,2071,2129",
                        "endColumns": "101,160,124,102,142,125,109,99,153,102,162,125,147,147,65,57,79",
                        "endOffsets": "294,455,580,683,826,952,1062,1162,1316,1419,1582,1708,1856,2004,2070,2128,2208"
                    },
                    "to": {
                        "startLines": "9,10,11,12,13,14,15,16,18,19,20,21,22,23,24,25,26",
                        "startColumns": "4,4,4,4,4,4,4,4,4,4,4,4,4,4,4,4,4",
                        "startOffsets": "778,884,1049,1178,1285,1432,1562,1676,1920,2078,2185,2352,2482,2634,2786,2856,2918",
                        "endColumns": "105,164,128,106,146,129,113,103,157,106,166,129,151,151,69,61,83",
                        "endOffsets": "879,1044,1173,1280,1427,1557,1671,1775,2073,2180,2347,2477,2629,2781,2851,2913,2997"
                    }
                },
                {
                    "source": "C:\\Users\\gonza\\.gradle\\caches\\8.12\\transforms\\8411a046f9616658209ad8ea4a5d985f\\transformed\\browser-1.4.0\\res\\values-sl\\values-sl.xml",
                    "from": {
                        "startLines": "2,3,4,5",
                        "startColumns": "4,4,4,4",
                        "startOffsets": "55,161,265,377",
                        "endColumns": "105,103,111,101",
                        "endOffsets": "156,260,372,474"
                    },
                    "to": {
                        "startLines": "27,28,29,30",
                        "startColumns": "4,4,4,4",
                        "startOffsets": "3002,3108,3212,3324",
                        "endColumns": "105,103,111,101",
                        "endOffsets": "3103,3207,3319,3421"
                    }
                },
                {
                    "source": "C:\\Users\\gonza\\.gradle\\caches\\8.12\\transforms\\906adeab1fc54800ccbfe1f925d79fc0\\transformed\\jetified-play-services-basement-18.3.0\\res\\values-sl\\values.xml",
                    "from": {
                        "startLines": "4",
                        "startColumns": "0",
                        "startOffsets": "195",
                        "endColumns": "135",
                        "endOffsets": "330"
                    },
                    "to": {
                        "startLines": "17",
                        "startColumns": "4",
                        "startOffsets": "1780",
                        "endColumns": "139",
                        "endOffsets": "1915"
                    }
                }
            ]
        }
    ]
}