{
    "logs": [
        {
            "outputFile": "com.calispa.bankaio.app-mergeDebugResources-29:/values-b+sr+Latn/values-b+sr+Latn.xml",
            "map": [
                {
                    "source": "C:\\Users\\gonza\\.gradle\\caches\\8.12\\transforms\\906adeab1fc54800ccbfe1f925d79fc0\\transformed\\jetified-play-services-basement-18.3.0\\res\\values-b+sr+Latn\\values.xml",
                    "from": {
                        "startLines": "4",
                        "startColumns": "0",
                        "startOffsets": "202",
                        "endColumns": "125",
                        "endOffsets": "327"
                    },
                    "to": {
                        "startLines": "17",
                        "startColumns": "4",
                        "startOffsets": "1778",
                        "endColumns": "129",
                        "endOffsets": "1903"
                    }
                },
                {
                    "source": "C:\\Users\\gonza\\.gradle\\caches\\8.12\\transforms\\8411a046f9616658209ad8ea4a5d985f\\transformed\\browser-1.4.0\\res\\values-b+sr+Latn\\values-b+sr+Latn.xml",
                    "from": {
                        "startLines": "2,3,4,5",
                        "startColumns": "4,4,4,4",
                        "startOffsets": "55,166,266,379",
                        "endColumns": "110,99,112,97",
                        "endOffsets": "161,261,374,472"
                    },
                    "to": {
                        "startLines": "27,28,29,30",
                        "startColumns": "4,4,4,4",
                        "startOffsets": "2956,3067,3167,3280",
                        "endColumns": "110,99,112,97",
                        "endOffsets": "3062,3162,3275,3373"
                    }
                },
                {
                    "source": "C:\\Users\\gonza\\.gradle\\caches\\8.12\\transforms\\62e42733fc48d7e4200114b93a9c82fb\\transformed\\core-1.13.1\\res\\values-b+sr+Latn\\values-b+sr+Latn.xml",
                    "from": {
                        "startLines": "2,3,4,5,6,7,8,9",
                        "startColumns": "4,4,4,4,4,4,4,4",
                        "startOffsets": "55,153,255,352,456,560,665,781",
                        "endColumns": "97,101,96,103,103,104,115,100",
                        "endOffsets": "148,250,347,451,555,660,776,877"
                    },
                    "to": {
                        "startLines": "2,3,4,5,6,7,8,31",
                        "startColumns": "4,4,4,4,4,4,4,4",
                        "startOffsets": "55,153,255,352,456,560,665,3378",
                        "endColumns": "97,101,96,103,103,104,115,100",
                        "endOffsets": "148,250,347,451,555,660,776,3474"
                    }
                },
                {
                    "source": "C:\\Users\\gonza\\.gradle\\caches\\8.12\\transforms\\61d3d4fe2dd837d40b39785170a0ad2d\\transformed\\jetified-play-services-base-18.1.0\\res\\values-b+sr+Latn\\values.xml",
                    "from": {
                        "startLines": "4,5,6,7,8,9,10,11,12,13,14,15,16,17,18,19,20",
                        "startColumns": "0,0,0,0,0,0,0,0,0,0,0,0,0,0,0,0,0",
                        "startOffsets": "200,303,457,580,686,836,959,1067,1165,1310,1413,1569,1692,1837,1976,2040,2101",
                        "endColumns": "102,153,122,105,149,122,107,97,144,102,155,122,144,138,63,60,75",
                        "endOffsets": "302,456,579,685,835,958,1066,1164,1309,1412,1568,1691,1836,1975,2039,2100,2176"
                    },
                    "to": {
                        "startLines": "9,10,11,12,13,14,15,16,18,19,20,21,22,23,24,25,26",
                        "startColumns": "4,4,4,4,4,4,4,4,4,4,4,4,4,4,4,4,4",
                        "startOffsets": "781,888,1046,1173,1283,1437,1564,1676,1908,2057,2164,2324,2451,2600,2743,2811,2876",
                        "endColumns": "106,157,126,109,153,126,111,101,148,106,159,126,148,142,67,64,79",
                        "endOffsets": "883,1041,1168,1278,1432,1559,1671,1773,2052,2159,2319,2446,2595,2738,2806,2871,2951"
                    }
                }
            ]
        }
    ]
}