{
    "logs": [
        {
            "outputFile": "com.calispa.bankaio.app-mergeDebugResources-29:/values-in/values-in.xml",
            "map": [
                {
                    "source": "C:\\Users\\gonza\\.gradle\\caches\\8.12\\transforms\\62e42733fc48d7e4200114b93a9c82fb\\transformed\\core-1.13.1\\res\\values-in\\values-in.xml",
                    "from": {
                        "startLines": "2,3,4,5,6,7,8,9",
                        "startColumns": "4,4,4,4,4,4,4,4",
                        "startOffsets": "55,150,252,349,446,552,670,785",
                        "endColumns": "94,101,96,96,105,117,114,100",
                        "endOffsets": "145,247,344,441,547,665,780,881"
                    },
                    "to": {
                        "startLines": "2,3,4,5,6,7,8,31",
                        "startColumns": "4,4,4,4,4,4,4,4",
                        "startOffsets": "55,150,252,349,446,552,670,3394",
                        "endColumns": "94,101,96,96,105,117,114,100",
                        "endOffsets": "145,247,344,441,547,665,780,3490"
                    }
                },
                {
                    "source": "C:\\Users\\gonza\\.gradle\\caches\\8.12\\transforms\\906adeab1fc54800ccbfe1f925d79fc0\\transformed\\jetified-play-services-basement-18.3.0\\res\\values-in\\values.xml",
                    "from": {
                        "startLines": "4",
                        "startColumns": "0",
                        "startOffsets": "195",
                        "endColumns": "127",
                        "endOffsets": "322"
                    },
                    "to": {
                        "startLines": "17",
                        "startColumns": "4",
                        "startOffsets": "1791",
                        "endColumns": "131",
                        "endOffsets": "1918"
                    }
                },
                {
                    "source": "C:\\Users\\gonza\\.gradle\\caches\\8.12\\transforms\\8411a046f9616658209ad8ea4a5d985f\\transformed\\browser-1.4.0\\res\\values-in\\values-in.xml",
                    "from": {
                        "startLines": "2,3,4,5",
                        "startColumns": "4,4,4,4",
                        "startOffsets": "55,155,253,362",
                        "endColumns": "99,97,108,100",
                        "endOffsets": "150,248,357,458"
                    },
                    "to": {
                        "startLines": "27,28,29,30",
                        "startColumns": "4,4,4,4",
                        "startOffsets": "2986,3086,3184,3293",
                        "endColumns": "99,97,108,100",
                        "endOffsets": "3081,3179,3288,3389"
                    }
                },
                {
                    "source": "C:\\Users\\gonza\\.gradle\\caches\\8.12\\transforms\\61d3d4fe2dd837d40b39785170a0ad2d\\transformed\\jetified-play-services-base-18.1.0\\res\\values-in\\values.xml",
                    "from": {
                        "startLines": "4,5,6,7,8,9,10,11,12,13,14,15,16,17,18,19,20",
                        "startColumns": "0,0,0,0,0,0,0,0,0,0,0,0,0,0,0,0,0",
                        "startOffsets": "193,296,456,578,680,831,954,1065,1167,1329,1430,1590,1712,1863,2003,2063,2119",
                        "endColumns": "102,159,121,101,150,122,110,101,161,100,159,121,150,139,59,55,74",
                        "endOffsets": "295,455,577,679,830,953,1064,1166,1328,1429,1589,1711,1862,2002,2062,2118,2193"
                    },
                    "to": {
                        "startLines": "9,10,11,12,13,14,15,16,18,19,20,21,22,23,24,25,26",
                        "startColumns": "4,4,4,4,4,4,4,4,4,4,4,4,4,4,4,4,4",
                        "startOffsets": "785,892,1056,1182,1288,1443,1570,1685,1923,2089,2194,2358,2484,2639,2783,2847,2907",
                        "endColumns": "106,163,125,105,154,126,114,105,165,104,163,125,154,143,63,59,78",
                        "endOffsets": "887,1051,1177,1283,1438,1565,1680,1786,2084,2189,2353,2479,2634,2778,2842,2902,2981"
                    }
                }
            ]
        }
    ]
}