{
    "logs": [
        {
            "outputFile": "com.calispa.bankaio.app-mergeDebugResources-29:/values-si/values-si.xml",
            "map": [
                {
                    "source": "C:\\Users\\gonza\\.gradle\\caches\\8.12\\transforms\\61d3d4fe2dd837d40b39785170a0ad2d\\transformed\\jetified-play-services-base-18.1.0\\res\\values-si\\values.xml",
                    "from": {
                        "startLines": "4,5,6,7,8,9,10,11,12,13,14,15,16,17,18,19,20",
                        "startColumns": "0,0,0,0,0,0,0,0,0,0,0,0,0,0,0,0,0",
                        "startOffsets": "193,297,447,567,676,814,934,1046,1140,1287,1398,1550,1677,1817,1974,2043,2100",
                        "endColumns": "103,149,119,108,137,119,111,93,146,110,151,126,139,156,68,56,75",
                        "endOffsets": "296,446,566,675,813,933,1045,1139,1286,1397,1549,1676,1816,1973,2042,2099,2175"
                    },
                    "to": {
                        "startLines": "9,10,11,12,13,14,15,16,18,19,20,21,22,23,24,25,26",
                        "startColumns": "4,4,4,4,4,4,4,4,4,4,4,4,4,4,4,4,4",
                        "startOffsets": "787,895,1049,1173,1286,1428,1552,1668,1905,2056,2171,2327,2458,2602,2763,2836,2897",
                        "endColumns": "107,153,123,112,141,123,115,97,150,114,155,130,143,160,72,60,79",
                        "endOffsets": "890,1044,1168,1281,1423,1547,1663,1761,2051,2166,2322,2453,2597,2758,2831,2892,2972"
                    }
                },
                {
                    "source": "C:\\Users\\gonza\\.gradle\\caches\\8.12\\transforms\\8411a046f9616658209ad8ea4a5d985f\\transformed\\browser-1.4.0\\res\\values-si\\values-si.xml",
                    "from": {
                        "startLines": "2,3,4,5",
                        "startColumns": "4,4,4,4",
                        "startOffsets": "55,163,270,386",
                        "endColumns": "107,106,115,104",
                        "endOffsets": "158,265,381,486"
                    },
                    "to": {
                        "startLines": "27,28,29,30",
                        "startColumns": "4,4,4,4",
                        "startOffsets": "2977,3085,3192,3308",
                        "endColumns": "107,106,115,104",
                        "endOffsets": "3080,3187,3303,3408"
                    }
                },
                {
                    "source": "C:\\Users\\gonza\\.gradle\\caches\\8.12\\transforms\\62e42733fc48d7e4200114b93a9c82fb\\transformed\\core-1.13.1\\res\\values-si\\values-si.xml",
                    "from": {
                        "startLines": "2,3,4,5,6,7,8,9",
                        "startColumns": "4,4,4,4,4,4,4,4",
                        "startOffsets": "55,157,260,365,470,569,673,787",
                        "endColumns": "101,102,104,104,98,103,113,100",
                        "endOffsets": "152,255,360,465,564,668,782,883"
                    },
                    "to": {
                        "startLines": "2,3,4,5,6,7,8,31",
                        "startColumns": "4,4,4,4,4,4,4,4",
                        "startOffsets": "55,157,260,365,470,569,673,3413",
                        "endColumns": "101,102,104,104,98,103,113,100",
                        "endOffsets": "152,255,360,465,564,668,782,3509"
                    }
                },
                {
                    "source": "C:\\Users\\gonza\\.gradle\\caches\\8.12\\transforms\\906adeab1fc54800ccbfe1f925d79fc0\\transformed\\jetified-play-services-basement-18.3.0\\res\\values-si\\values.xml",
                    "from": {
                        "startLines": "4",
                        "startColumns": "0",
                        "startOffsets": "195",
                        "endColumns": "134",
                        "endOffsets": "329"
                    },
                    "to": {
                        "startLines": "17",
                        "startColumns": "4",
                        "startOffsets": "1766",
                        "endColumns": "138",
                        "endOffsets": "1900"
                    }
                }
            ]
        }
    ]
}