{
    "logs": [
        {
            "outputFile": "com.calispa.bankaio.app-mergeDebugResources-29:/values-night-v8/values-night-v8.xml",
            "map": [
                {
                    "source": "C:\\zara\\bankaio\\android\\app\\src\\main\\res\\values-night\\styles.xml",
                    "from": {
                        "startLines": "3,14",
                        "startColumns": "4,4",
                        "startOffsets": "175,831",
                        "endLines": "7,16",
                        "endColumns": "12,12",
                        "endOffsets": "482,997"
                    },
                    "to": {
                        "startLines": "2,6",
                        "startColumns": "4,4",
                        "startOffsets": "55,236",
                        "endLines": "5,8",
                        "endColumns": "12,12",
                        "endOffsets": "231,400"
                    }
                }
            ]
        }
    ]
}