{
    "logs": [
        {
            "outputFile": "com.calispa.bankaio.app-mergeDebugResources-29:/values-mk/values-mk.xml",
            "map": [
                {
                    "source": "C:\\Users\\gonza\\.gradle\\caches\\8.12\\transforms\\906adeab1fc54800ccbfe1f925d79fc0\\transformed\\jetified-play-services-basement-18.3.0\\res\\values-mk\\values.xml",
                    "from": {
                        "startLines": "4",
                        "startColumns": "0",
                        "startOffsets": "195",
                        "endColumns": "132",
                        "endOffsets": "327"
                    },
                    "to": {
                        "startLines": "17",
                        "startColumns": "4",
                        "startOffsets": "1793",
                        "endColumns": "136",
                        "endOffsets": "1925"
                    }
                },
                {
                    "source": "C:\\Users\\gonza\\.gradle\\caches\\8.12\\transforms\\62e42733fc48d7e4200114b93a9c82fb\\transformed\\core-1.13.1\\res\\values-mk\\values-mk.xml",
                    "from": {
                        "startLines": "2,3,4,5,6,7,8,9",
                        "startColumns": "4,4,4,4,4,4,4,4",
                        "startOffsets": "55,153,255,352,450,555,658,774",
                        "endColumns": "97,101,96,97,104,102,115,100",
                        "endOffsets": "148,250,347,445,550,653,769,870"
                    },
                    "to": {
                        "startLines": "2,3,4,5,6,7,8,31",
                        "startColumns": "4,4,4,4,4,4,4,4",
                        "startOffsets": "55,153,255,352,450,555,658,3451",
                        "endColumns": "97,101,96,97,104,102,115,100",
                        "endOffsets": "148,250,347,445,550,653,769,3547"
                    }
                },
                {
                    "source": "C:\\Users\\gonza\\.gradle\\caches\\8.12\\transforms\\61d3d4fe2dd837d40b39785170a0ad2d\\transformed\\jetified-play-services-base-18.1.0\\res\\values-mk\\values.xml",
                    "from": {
                        "startLines": "4,5,6,7,8,9,10,11,12,13,14,15,16,17,18,19,20",
                        "startColumns": "0,0,0,0,0,0,0,0,0,0,0,0,0,0,0,0,0",
                        "startOffsets": "193,296,453,582,688,829,958,1074,1180,1333,1436,1598,1727,1876,2031,2096,2156",
                        "endColumns": "102,156,128,105,140,128,115,105,152,102,161,128,148,154,64,59,74",
                        "endOffsets": "295,452,581,687,828,957,1073,1179,1332,1435,1597,1726,1875,2030,2095,2155,2230"
                    },
                    "to": {
                        "startLines": "9,10,11,12,13,14,15,16,18,19,20,21,22,23,24,25,26",
                        "startColumns": "4,4,4,4,4,4,4,4,4,4,4,4,4,4,4,4,4",
                        "startOffsets": "774,881,1042,1175,1285,1430,1563,1683,1930,2087,2194,2360,2493,2646,2805,2874,2938",
                        "endColumns": "106,160,132,109,144,132,119,109,156,106,165,132,152,158,68,63,78",
                        "endOffsets": "876,1037,1170,1280,1425,1558,1678,1788,2082,2189,2355,2488,2641,2800,2869,2933,3012"
                    }
                },
                {
                    "source": "C:\\Users\\gonza\\.gradle\\caches\\8.12\\transforms\\8411a046f9616658209ad8ea4a5d985f\\transformed\\browser-1.4.0\\res\\values-mk\\values-mk.xml",
                    "from": {
                        "startLines": "2,3,4,5",
                        "startColumns": "4,4,4,4",
                        "startOffsets": "55,168,273,388",
                        "endColumns": "112,104,114,100",
                        "endOffsets": "163,268,383,484"
                    },
                    "to": {
                        "startLines": "27,28,29,30",
                        "startColumns": "4,4,4,4",
                        "startOffsets": "3017,3130,3235,3350",
                        "endColumns": "112,104,114,100",
                        "endOffsets": "3125,3230,3345,3446"
                    }
                }
            ]
        }
    ]
}