{
    "logs": [
        {
            "outputFile": "com.calispa.bankaio.app-mergeDebugResources-29:/values-is/values-is.xml",
            "map": [
                {
                    "source": "C:\\Users\\gonza\\.gradle\\caches\\8.12\\transforms\\62e42733fc48d7e4200114b93a9c82fb\\transformed\\core-1.13.1\\res\\values-is\\values-is.xml",
                    "from": {
                        "startLines": "2,3,4,5,6,7,8,9",
                        "startColumns": "4,4,4,4,4,4,4,4",
                        "startOffsets": "55,150,257,354,454,557,661,772",
                        "endColumns": "94,106,96,99,102,103,110,100",
                        "endOffsets": "145,252,349,449,552,656,767,868"
                    },
                    "to": {
                        "startLines": "2,3,4,5,6,7,8,31",
                        "startColumns": "4,4,4,4,4,4,4,4",
                        "startOffsets": "55,150,257,354,454,557,661,3332",
                        "endColumns": "94,106,96,99,102,103,110,100",
                        "endOffsets": "145,252,349,449,552,656,767,3428"
                    }
                },
                {
                    "source": "C:\\Users\\gonza\\.gradle\\caches\\8.12\\transforms\\61d3d4fe2dd837d40b39785170a0ad2d\\transformed\\jetified-play-services-base-18.1.0\\res\\values-is\\values.xml",
                    "from": {
                        "startLines": "4,5,6,7,8,9,10,11,12,13,14,15,16,17,18,19,20",
                        "startColumns": "0,0,0,0,0,0,0,0,0,0,0,0,0,0,0,0,0",
                        "startOffsets": "193,295,445,566,671,808,929,1034,1135,1285,1387,1540,1662,1800,1950,2010,2069",
                        "endColumns": "101,149,120,104,136,120,104,100,149,101,152,121,137,149,59,58,74",
                        "endOffsets": "294,444,565,670,807,928,1033,1134,1284,1386,1539,1661,1799,1949,2009,2068,2143"
                    },
                    "to": {
                        "startLines": "9,10,11,12,13,14,15,16,18,19,20,21,22,23,24,25,26",
                        "startColumns": "4,4,4,4,4,4,4,4,4,4,4,4,4,4,4,4,4",
                        "startOffsets": "772,878,1032,1157,1266,1407,1532,1641,1875,2029,2135,2292,2418,2560,2714,2778,2841",
                        "endColumns": "105,153,124,108,140,124,108,104,153,105,156,125,141,153,63,62,78",
                        "endOffsets": "873,1027,1152,1261,1402,1527,1636,1741,2024,2130,2287,2413,2555,2709,2773,2836,2915"
                    }
                },
                {
                    "source": "C:\\Users\\gonza\\.gradle\\caches\\8.12\\transforms\\906adeab1fc54800ccbfe1f925d79fc0\\transformed\\jetified-play-services-basement-18.3.0\\res\\values-is\\values.xml",
                    "from": {
                        "startLines": "4",
                        "startColumns": "0",
                        "startOffsets": "195",
                        "endColumns": "124",
                        "endOffsets": "319"
                    },
                    "to": {
                        "startLines": "17",
                        "startColumns": "4",
                        "startOffsets": "1746",
                        "endColumns": "128",
                        "endOffsets": "1870"
                    }
                },
                {
                    "source": "C:\\Users\\gonza\\.gradle\\caches\\8.12\\transforms\\8411a046f9616658209ad8ea4a5d985f\\transformed\\browser-1.4.0\\res\\values-is\\values-is.xml",
                    "from": {
                        "startLines": "2,3,4,5",
                        "startColumns": "4,4,4,4",
                        "startOffsets": "55,159,260,366",
                        "endColumns": "103,100,105,100",
                        "endOffsets": "154,255,361,462"
                    },
                    "to": {
                        "startLines": "27,28,29,30",
                        "startColumns": "4,4,4,4",
                        "startOffsets": "2920,3024,3125,3231",
                        "endColumns": "103,100,105,100",
                        "endOffsets": "3019,3120,3226,3327"
                    }
                }
            ]
        }
    ]
}