{
    "logs": [
        {
            "outputFile": "com.calispa.bankaio.app-mergeDebugResources-29:/values-kn/values-kn.xml",
            "map": [
                {
                    "source": "C:\\Users\\gonza\\.gradle\\caches\\8.12\\transforms\\61d3d4fe2dd837d40b39785170a0ad2d\\transformed\\jetified-play-services-base-18.1.0\\res\\values-kn\\values.xml",
                    "from": {
                        "startLines": "4,5,6,7,8,9,10,11,12,13,14,15,16,17,18,19,20",
                        "startColumns": "0,0,0,0,0,0,0,0,0,0,0,0,0,0,0,0,0",
                        "startOffsets": "193,300,466,595,706,845,970,1074,1169,1315,1424,1585,1716,1857,2010,2075,2134",
                        "endColumns": "106,165,128,110,138,124,103,94,145,108,160,130,140,152,64,58,80",
                        "endOffsets": "299,465,594,705,844,969,1073,1168,1314,1423,1584,1715,1856,2009,2074,2133,2214"
                    },
                    "to": {
                        "startLines": "9,10,11,12,13,14,15,16,18,19,20,21,22,23,24,25,26",
                        "startColumns": "4,4,4,4,4,4,4,4,4,4,4,4,4,4,4,4,4",
                        "startOffsets": "800,911,1081,1214,1329,1472,1601,1709,1954,2104,2217,2382,2517,2662,2819,2888,2951",
                        "endColumns": "110,169,132,114,142,128,107,98,149,112,164,134,144,156,68,62,84",
                        "endOffsets": "906,1076,1209,1324,1467,1596,1704,1803,2099,2212,2377,2512,2657,2814,2883,2946,3031"
                    }
                },
                {
                    "source": "C:\\Users\\gonza\\.gradle\\caches\\8.12\\transforms\\62e42733fc48d7e4200114b93a9c82fb\\transformed\\core-1.13.1\\res\\values-kn\\values-kn.xml",
                    "from": {
                        "startLines": "2,3,4,5,6,7,8,9",
                        "startColumns": "4,4,4,4,4,4,4,4",
                        "startOffsets": "55,153,256,357,463,564,672,800",
                        "endColumns": "97,102,100,105,100,107,127,100",
                        "endOffsets": "148,251,352,458,559,667,795,896"
                    },
                    "to": {
                        "startLines": "2,3,4,5,6,7,8,31",
                        "startColumns": "4,4,4,4,4,4,4,4",
                        "startOffsets": "55,153,256,357,463,564,672,3467",
                        "endColumns": "97,102,100,105,100,107,127,100",
                        "endOffsets": "148,251,352,458,559,667,795,3563"
                    }
                },
                {
                    "source": "C:\\Users\\gonza\\.gradle\\caches\\8.12\\transforms\\906adeab1fc54800ccbfe1f925d79fc0\\transformed\\jetified-play-services-basement-18.3.0\\res\\values-kn\\values.xml",
                    "from": {
                        "startLines": "4",
                        "startColumns": "0",
                        "startOffsets": "195",
                        "endColumns": "141",
                        "endOffsets": "336"
                    },
                    "to": {
                        "startLines": "17",
                        "startColumns": "4",
                        "startOffsets": "1808",
                        "endColumns": "145",
                        "endOffsets": "1949"
                    }
                },
                {
                    "source": "C:\\Users\\gonza\\.gradle\\caches\\8.12\\transforms\\8411a046f9616658209ad8ea4a5d985f\\transformed\\browser-1.4.0\\res\\values-kn\\values-kn.xml",
                    "from": {
                        "startLines": "2,3,4,5",
                        "startColumns": "4,4,4,4",
                        "startOffsets": "55,169,269,385",
                        "endColumns": "113,99,115,100",
                        "endOffsets": "164,264,380,481"
                    },
                    "to": {
                        "startLines": "27,28,29,30",
                        "startColumns": "4,4,4,4",
                        "startOffsets": "3036,3150,3250,3366",
                        "endColumns": "113,99,115,100",
                        "endOffsets": "3145,3245,3361,3462"
                    }
                }
            ]
        }
    ]
}