{
    "logs": [
        {
            "outputFile": "com.calispa.bankaio.app-mergeDebugResources-29:/values-zh-rCN/values-zh-rCN.xml",
            "map": [
                {
                    "source": "C:\\Users\\gonza\\.gradle\\caches\\8.12\\transforms\\62e42733fc48d7e4200114b93a9c82fb\\transformed\\core-1.13.1\\res\\values-zh-rCN\\values-zh-rCN.xml",
                    "from": {
                        "startLines": "2,3,4,5,6,7,8,9",
                        "startColumns": "4,4,4,4,4,4,4,4",
                        "startOffsets": "55,147,248,342,436,529,623,719",
                        "endColumns": "91,100,93,93,92,93,95,100",
                        "endOffsets": "142,243,337,431,524,618,714,815"
                    },
                    "to": {
                        "startLines": "2,3,4,5,6,7,8,31",
                        "startColumns": "4,4,4,4,4,4,4,4",
                        "startOffsets": "55,147,248,342,436,529,623,2902",
                        "endColumns": "91,100,93,93,92,93,95,100",
                        "endOffsets": "142,243,337,431,524,618,714,2998"
                    }
                },
                {
                    "source": "C:\\Users\\gonza\\.gradle\\caches\\8.12\\transforms\\61d3d4fe2dd837d40b39785170a0ad2d\\transformed\\jetified-play-services-base-18.1.0\\res\\values-zh-rCN\\values.xml",
                    "from": {
                        "startLines": "4,5,6,7,8,9,10,11,12,13,14,15,16,17,18,19,20",
                        "startColumns": "0,0,0,0,0,0,0,0,0,0,0,0,0,0,0,0,0",
                        "startOffsets": "197,294,419,530,628,729,841,939,1027,1131,1228,1354,1465,1565,1669,1721,1774",
                        "endColumns": "96,124,110,97,100,111,97,87,103,96,125,110,99,103,51,52,69",
                        "endOffsets": "293,418,529,627,728,840,938,1026,1130,1227,1353,1464,1564,1668,1720,1773,1843"
                    },
                    "to": {
                        "startLines": "9,10,11,12,13,14,15,16,18,19,20,21,22,23,24,25,26",
                        "startColumns": "4,4,4,4,4,4,4,4,4,4,4,4,4,4,4,4,4",
                        "startOffsets": "719,820,949,1064,1166,1271,1387,1489,1680,1788,1889,2019,2134,2238,2346,2402,2459",
                        "endColumns": "100,128,114,101,104,115,101,91,107,100,129,114,103,107,55,56,73",
                        "endOffsets": "815,944,1059,1161,1266,1382,1484,1576,1783,1884,2014,2129,2233,2341,2397,2454,2528"
                    }
                },
                {
                    "source": "C:\\Users\\gonza\\.gradle\\caches\\8.12\\transforms\\906adeab1fc54800ccbfe1f925d79fc0\\transformed\\jetified-play-services-basement-18.3.0\\res\\values-zh-rCN\\values.xml",
                    "from": {
                        "startLines": "4",
                        "startColumns": "0",
                        "startOffsets": "199",
                        "endColumns": "94",
                        "endOffsets": "293"
                    },
                    "to": {
                        "startLines": "17",
                        "startColumns": "4",
                        "startOffsets": "1581",
                        "endColumns": "98",
                        "endOffsets": "1675"
                    }
                },
                {
                    "source": "C:\\Users\\gonza\\.gradle\\caches\\8.12\\transforms\\8411a046f9616658209ad8ea4a5d985f\\transformed\\browser-1.4.0\\res\\values-zh-rCN\\values-zh-rCN.xml",
                    "from": {
                        "startLines": "2,3,4,5",
                        "startColumns": "4,4,4,4",
                        "startOffsets": "55,138,230,331",
                        "endColumns": "82,91,100,92",
                        "endOffsets": "133,225,326,419"
                    },
                    "to": {
                        "startLines": "27,28,29,30",
                        "startColumns": "4,4,4,4",
                        "startOffsets": "2533,2616,2708,2809",
                        "endColumns": "82,91,100,92",
                        "endOffsets": "2611,2703,2804,2897"
                    }
                }
            ]
        }
    ]
}