{
    "logs": [
        {
            "outputFile": "com.calispa.bankaio.app-mergeDebugResources-29:/values-zu/values-zu.xml",
            "map": [
                {
                    "source": "C:\\Users\\gonza\\.gradle\\caches\\8.12\\transforms\\61d3d4fe2dd837d40b39785170a0ad2d\\transformed\\jetified-play-services-base-18.1.0\\res\\values-zu\\values.xml",
                    "from": {
                        "startLines": "4,5,6,7,8,9,10,11,12,13,14,15,16,17,18,19,20",
                        "startColumns": "0,0,0,0,0,0,0,0,0,0,0,0,0,0,0,0,0",
                        "startOffsets": "193,300,472,603,703,867,992,1112,1218,1374,1480,1641,1768,1922,2075,2132,2197",
                        "endColumns": "106,171,130,99,163,124,119,105,155,105,160,126,153,152,56,64,80",
                        "endOffsets": "299,471,602,702,866,991,1111,1217,1373,1479,1640,1767,1921,2074,2131,2196,2277"
                    },
                    "to": {
                        "startLines": "9,10,11,12,13,14,15,16,18,19,20,21,22,23,24,25,26",
                        "startColumns": "4,4,4,4,4,4,4,4,4,4,4,4,4,4,4,4,4",
                        "startOffsets": "785,896,1072,1207,1311,1479,1608,1732,1974,2134,2244,2409,2540,2698,2855,2916,2985",
                        "endColumns": "110,175,134,103,167,128,123,109,159,109,164,130,157,156,60,68,84",
                        "endOffsets": "891,1067,1202,1306,1474,1603,1727,1837,2129,2239,2404,2535,2693,2850,2911,2980,3065"
                    }
                },
                {
                    "source": "C:\\Users\\gonza\\.gradle\\caches\\8.12\\transforms\\906adeab1fc54800ccbfe1f925d79fc0\\transformed\\jetified-play-services-basement-18.3.0\\res\\values-zu\\values.xml",
                    "from": {
                        "startLines": "4",
                        "startColumns": "0",
                        "startOffsets": "195",
                        "endColumns": "127",
                        "endOffsets": "322"
                    },
                    "to": {
                        "startLines": "17",
                        "startColumns": "4",
                        "startOffsets": "1842",
                        "endColumns": "131",
                        "endOffsets": "1969"
                    }
                },
                {
                    "source": "C:\\Users\\gonza\\.gradle\\caches\\8.12\\transforms\\8411a046f9616658209ad8ea4a5d985f\\transformed\\browser-1.4.0\\res\\values-zu\\values-zu.xml",
                    "from": {
                        "startLines": "2,3,4,5",
                        "startColumns": "4,4,4,4",
                        "startOffsets": "55,167,275,387",
                        "endColumns": "111,107,111,111",
                        "endOffsets": "162,270,382,494"
                    },
                    "to": {
                        "startLines": "27,28,29,30",
                        "startColumns": "4,4,4,4",
                        "startOffsets": "3070,3182,3290,3402",
                        "endColumns": "111,107,111,111",
                        "endOffsets": "3177,3285,3397,3509"
                    }
                },
                {
                    "source": "C:\\Users\\gonza\\.gradle\\caches\\8.12\\transforms\\62e42733fc48d7e4200114b93a9c82fb\\transformed\\core-1.13.1\\res\\values-zu\\values-zu.xml",
                    "from": {
                        "startLines": "2,3,4,5,6,7,8,9",
                        "startColumns": "4,4,4,4,4,4,4,4",
                        "startOffsets": "55,153,257,356,459,565,672,785",
                        "endColumns": "97,103,98,102,105,106,112,100",
                        "endOffsets": "148,252,351,454,560,667,780,881"
                    },
                    "to": {
                        "startLines": "2,3,4,5,6,7,8,31",
                        "startColumns": "4,4,4,4,4,4,4,4",
                        "startOffsets": "55,153,257,356,459,565,672,3514",
                        "endColumns": "97,103,98,102,105,106,112,100",
                        "endOffsets": "148,252,351,454,560,667,780,3610"
                    }
                }
            ]
        }
    ]
}