{
    "logs": [
        {
            "outputFile": "com.calispa.bankaio.app-mergeDebugResources-29:/values-et/values-et.xml",
            "map": [
                {
                    "source": "C:\\Users\\gonza\\.gradle\\caches\\8.12\\transforms\\62e42733fc48d7e4200114b93a9c82fb\\transformed\\core-1.13.1\\res\\values-et\\values-et.xml",
                    "from": {
                        "startLines": "2,3,4,5,6,7,8,9",
                        "startColumns": "4,4,4,4,4,4,4,4",
                        "startOffsets": "55,150,252,350,453,559,664,784",
                        "endColumns": "94,101,97,102,105,104,119,100",
                        "endOffsets": "145,247,345,448,554,659,779,880"
                    },
                    "to": {
                        "startLines": "2,3,4,5,6,7,8,31",
                        "startColumns": "4,4,4,4,4,4,4,4",
                        "startOffsets": "55,150,252,350,453,559,664,3408",
                        "endColumns": "94,101,97,102,105,104,119,100",
                        "endOffsets": "145,247,345,448,554,659,779,3504"
                    }
                },
                {
                    "source": "C:\\Users\\gonza\\.gradle\\caches\\8.12\\transforms\\906adeab1fc54800ccbfe1f925d79fc0\\transformed\\jetified-play-services-basement-18.3.0\\res\\values-et\\values.xml",
                    "from": {
                        "startLines": "4",
                        "startColumns": "0",
                        "startOffsets": "195",
                        "endColumns": "135",
                        "endOffsets": "330"
                    },
                    "to": {
                        "startLines": "17",
                        "startColumns": "4",
                        "startOffsets": "1782",
                        "endColumns": "139",
                        "endOffsets": "1917"
                    }
                },
                {
                    "source": "C:\\Users\\gonza\\.gradle\\caches\\8.12\\transforms\\61d3d4fe2dd837d40b39785170a0ad2d\\transformed\\jetified-play-services-base-18.1.0\\res\\values-et\\values.xml",
                    "from": {
                        "startLines": "4,5,6,7,8,9,10,11,12,13,14,15,16,17,18,19,20",
                        "startColumns": "0,0,0,0,0,0,0,0,0,0,0,0,0,0,0,0,0",
                        "startOffsets": "193,292,450,573,677,823,948,1060,1159,1315,1419,1579,1707,1858,1999,2058,2119",
                        "endColumns": "98,157,122,103,145,124,111,98,155,103,159,127,150,140,58,60,83",
                        "endOffsets": "291,449,572,676,822,947,1059,1158,1314,1418,1578,1706,1857,1998,2057,2118,2202"
                    },
                    "to": {
                        "startLines": "9,10,11,12,13,14,15,16,18,19,20,21,22,23,24,25,26",
                        "startColumns": "4,4,4,4,4,4,4,4,4,4,4,4,4,4,4,4,4",
                        "startOffsets": "784,887,1049,1176,1284,1434,1563,1679,1922,2082,2190,2354,2486,2641,2786,2849,2914",
                        "endColumns": "102,161,126,107,149,128,115,102,159,107,163,131,154,144,62,64,87",
                        "endOffsets": "882,1044,1171,1279,1429,1558,1674,1777,2077,2185,2349,2481,2636,2781,2844,2909,2997"
                    }
                },
                {
                    "source": "C:\\Users\\gonza\\.gradle\\caches\\8.12\\transforms\\8411a046f9616658209ad8ea4a5d985f\\transformed\\browser-1.4.0\\res\\values-et\\values-et.xml",
                    "from": {
                        "startLines": "2,3,4,5",
                        "startColumns": "4,4,4,4",
                        "startOffsets": "55,155,255,362",
                        "endColumns": "99,99,106,98",
                        "endOffsets": "150,250,357,456"
                    },
                    "to": {
                        "startLines": "27,28,29,30",
                        "startColumns": "4,4,4,4",
                        "startOffsets": "3002,3102,3202,3309",
                        "endColumns": "99,99,106,98",
                        "endOffsets": "3097,3197,3304,3403"
                    }
                }
            ]
        }
    ]
}