{
    "logs": [
        {
            "outputFile": "com.calispa.bankaio.app-mergeDebugResources-29:/values-gl/values-gl.xml",
            "map": [
                {
                    "source": "C:\\Users\\gonza\\.gradle\\caches\\8.12\\transforms\\62e42733fc48d7e4200114b93a9c82fb\\transformed\\core-1.13.1\\res\\values-gl\\values-gl.xml",
                    "from": {
                        "startLines": "2,3,4,5,6,7,8,9",
                        "startColumns": "4,4,4,4,4,4,4,4",
                        "startOffsets": "55,154,256,356,454,561,667,783",
                        "endColumns": "98,101,99,97,106,105,115,100",
                        "endOffsets": "149,251,351,449,556,662,778,879"
                    },
                    "to": {
                        "startLines": "2,3,4,5,6,7,8,31",
                        "startColumns": "4,4,4,4,4,4,4,4",
                        "startOffsets": "55,154,256,356,454,561,667,3491",
                        "endColumns": "98,101,99,97,106,105,115,100",
                        "endOffsets": "149,251,351,449,556,662,778,3587"
                    }
                },
                {
                    "source": "C:\\Users\\gonza\\.gradle\\caches\\8.12\\transforms\\906adeab1fc54800ccbfe1f925d79fc0\\transformed\\jetified-play-services-basement-18.3.0\\res\\values-gl\\values.xml",
                    "from": {
                        "startLines": "4",
                        "startColumns": "0",
                        "startOffsets": "195",
                        "endColumns": "129",
                        "endOffsets": "324"
                    },
                    "to": {
                        "startLines": "17",
                        "startColumns": "4",
                        "startOffsets": "1808",
                        "endColumns": "133",
                        "endOffsets": "1937"
                    }
                },
                {
                    "source": "C:\\Users\\gonza\\.gradle\\caches\\8.12\\transforms\\8411a046f9616658209ad8ea4a5d985f\\transformed\\browser-1.4.0\\res\\values-gl\\values-gl.xml",
                    "from": {
                        "startLines": "2,3,4,5",
                        "startColumns": "4,4,4,4",
                        "startOffsets": "55,162,264,376",
                        "endColumns": "106,101,111,105",
                        "endOffsets": "157,259,371,477"
                    },
                    "to": {
                        "startLines": "27,28,29,30",
                        "startColumns": "4,4,4,4",
                        "startOffsets": "3064,3171,3273,3385",
                        "endColumns": "106,101,111,105",
                        "endOffsets": "3166,3268,3380,3486"
                    }
                },
                {
                    "source": "C:\\Users\\gonza\\.gradle\\caches\\8.12\\transforms\\61d3d4fe2dd837d40b39785170a0ad2d\\transformed\\jetified-play-services-base-18.1.0\\res\\values-gl\\values.xml",
                    "from": {
                        "startLines": "4,5,6,7,8,9,10,11,12,13,14,15,16,17,18,19,20",
                        "startColumns": "0,0,0,0,0,0,0,0,0,0,0,0,0,0,0,0,0",
                        "startOffsets": "193,295,454,579,683,838,966,1081,1186,1353,1458,1623,1754,1915,2063,2126,2191",
                        "endColumns": "101,158,124,103,154,127,114,104,166,104,164,130,160,147,62,64,80",
                        "endOffsets": "294,453,578,682,837,965,1080,1185,1352,1457,1622,1753,1914,2062,2125,2190,2271"
                    },
                    "to": {
                        "startLines": "9,10,11,12,13,14,15,16,18,19,20,21,22,23,24,25,26",
                        "startColumns": "4,4,4,4,4,4,4,4,4,4,4,4,4,4,4,4,4",
                        "startOffsets": "783,889,1052,1181,1289,1448,1580,1699,1942,2113,2222,2391,2526,2691,2843,2910,2979",
                        "endColumns": "105,162,128,107,158,131,118,108,170,108,168,134,164,151,66,68,84",
                        "endOffsets": "884,1047,1176,1284,1443,1575,1694,1803,2108,2217,2386,2521,2686,2838,2905,2974,3059"
                    }
                }
            ]
        }
    ]
}