{
    "logs": [
        {
            "outputFile": "com.calispa.bankaio.app-mergeDebugResources-29:/values-th/values-th.xml",
            "map": [
                {
                    "source": "C:\\Users\\gonza\\.gradle\\caches\\8.12\\transforms\\8411a046f9616658209ad8ea4a5d985f\\transformed\\browser-1.4.0\\res\\values-th\\values-th.xml",
                    "from": {
                        "startLines": "2,3,4,5",
                        "startColumns": "4,4,4,4",
                        "startOffsets": "55,158,257,368",
                        "endColumns": "102,98,110,97",
                        "endOffsets": "153,252,363,461"
                    },
                    "to": {
                        "startLines": "27,28,29,30",
                        "startColumns": "4,4,4,4",
                        "startOffsets": "2894,2997,3096,3207",
                        "endColumns": "102,98,110,97",
                        "endOffsets": "2992,3091,3202,3300"
                    }
                },
                {
                    "source": "C:\\Users\\gonza\\.gradle\\caches\\8.12\\transforms\\906adeab1fc54800ccbfe1f925d79fc0\\transformed\\jetified-play-services-basement-18.3.0\\res\\values-th\\values.xml",
                    "from": {
                        "startLines": "4",
                        "startColumns": "0",
                        "startOffsets": "195",
                        "endColumns": "124",
                        "endOffsets": "319"
                    },
                    "to": {
                        "startLines": "17",
                        "startColumns": "4",
                        "startOffsets": "1740",
                        "endColumns": "128",
                        "endOffsets": "1864"
                    }
                },
                {
                    "source": "C:\\Users\\gonza\\.gradle\\caches\\8.12\\transforms\\62e42733fc48d7e4200114b93a9c82fb\\transformed\\core-1.13.1\\res\\values-th\\values-th.xml",
                    "from": {
                        "startLines": "2,3,4,5,6,7,8,9",
                        "startColumns": "4,4,4,4,4,4,4,4",
                        "startOffsets": "55,151,254,352,450,553,658,770",
                        "endColumns": "95,102,97,97,102,104,111,100",
                        "endOffsets": "146,249,347,445,548,653,765,866"
                    },
                    "to": {
                        "startLines": "2,3,4,5,6,7,8,31",
                        "startColumns": "4,4,4,4,4,4,4,4",
                        "startOffsets": "55,151,254,352,450,553,658,3305",
                        "endColumns": "95,102,97,97,102,104,111,100",
                        "endOffsets": "146,249,347,445,548,653,765,3401"
                    }
                },
                {
                    "source": "C:\\Users\\gonza\\.gradle\\caches\\8.12\\transforms\\61d3d4fe2dd837d40b39785170a0ad2d\\transformed\\jetified-play-services-base-18.1.0\\res\\values-th\\values.xml",
                    "from": {
                        "startLines": "4,5,6,7,8,9,10,11,12,13,14,15,16,17,18,19,20",
                        "startColumns": "0,0,0,0,0,0,0,0,0,0,0,0,0,0,0,0,0",
                        "startOffsets": "193,295,438,557,660,792,912,1027,1131,1271,1372,1515,1633,1769,1916,1976,2040",
                        "endColumns": "101,142,118,102,131,119,114,103,139,100,142,117,135,146,59,63,79",
                        "endOffsets": "294,437,556,659,791,911,1026,1130,1270,1371,1514,1632,1768,1915,1975,2039,2119"
                    },
                    "to": {
                        "startLines": "9,10,11,12,13,14,15,16,18,19,20,21,22,23,24,25,26",
                        "startColumns": "4,4,4,4,4,4,4,4,4,4,4,4,4,4,4,4,4",
                        "startOffsets": "770,876,1023,1146,1253,1389,1513,1632,1869,2013,2118,2265,2387,2527,2678,2742,2810",
                        "endColumns": "105,146,122,106,135,123,118,107,143,104,146,121,139,150,63,67,83",
                        "endOffsets": "871,1018,1141,1248,1384,1508,1627,1735,2008,2113,2260,2382,2522,2673,2737,2805,2889"
                    }
                }
            ]
        }
    ]
}