{
    "logs": [
        {
            "outputFile": "com.calispa.bankaio.app-mergeDebugResources-29:/values-ml/values-ml.xml",
            "map": [
                {
                    "source": "C:\\Users\\gonza\\.gradle\\caches\\8.12\\transforms\\8411a046f9616658209ad8ea4a5d985f\\transformed\\browser-1.4.0\\res\\values-ml\\values-ml.xml",
                    "from": {
                        "startLines": "2,3,4,5",
                        "startColumns": "4,4,4,4",
                        "startOffsets": "55,164,267,378",
                        "endColumns": "108,102,110,103",
                        "endOffsets": "159,262,373,477"
                    },
                    "to": {
                        "startLines": "27,28,29,30",
                        "startColumns": "4,4,4,4",
                        "startOffsets": "3153,3262,3365,3476",
                        "endColumns": "108,102,110,103",
                        "endOffsets": "3257,3360,3471,3575"
                    }
                },
                {
                    "source": "C:\\Users\\gonza\\.gradle\\caches\\8.12\\transforms\\62e42733fc48d7e4200114b93a9c82fb\\transformed\\core-1.13.1\\res\\values-ml\\values-ml.xml",
                    "from": {
                        "startLines": "2,3,4,5,6,7,8,9",
                        "startColumns": "4,4,4,4,4,4,4,4",
                        "startOffsets": "55,157,260,362,466,569,670,792",
                        "endColumns": "101,102,101,103,102,100,121,100",
                        "endOffsets": "152,255,357,461,564,665,787,888"
                    },
                    "to": {
                        "startLines": "2,3,4,5,6,7,8,31",
                        "startColumns": "4,4,4,4,4,4,4,4",
                        "startOffsets": "55,157,260,362,466,569,670,3580",
                        "endColumns": "101,102,101,103,102,100,121,100",
                        "endOffsets": "152,255,357,461,564,665,787,3676"
                    }
                },
                {
                    "source": "C:\\Users\\gonza\\.gradle\\caches\\8.12\\transforms\\61d3d4fe2dd837d40b39785170a0ad2d\\transformed\\jetified-play-services-base-18.1.0\\res\\values-ml\\values.xml",
                    "from": {
                        "startLines": "4,5,6,7,8,9,10,11,12,13,14,15,16,17,18,19,20",
                        "startColumns": "0,0,0,0,0,0,0,0,0,0,0,0,0,0,0,0,0",
                        "startOffsets": "193,308,483,618,735,895,1016,1117,1219,1397,1509,1679,1811,1956,2113,2173,2238",
                        "endColumns": "114,174,134,116,159,120,100,101,177,111,169,131,144,156,59,64,87",
                        "endOffsets": "307,482,617,734,894,1015,1116,1218,1396,1508,1678,1810,1955,2112,2172,2237,2325"
                    },
                    "to": {
                        "startLines": "9,10,11,12,13,14,15,16,18,19,20,21,22,23,24,25,26",
                        "startColumns": "4,4,4,4,4,4,4,4,4,4,4,4,4,4,4,4,4",
                        "startOffsets": "792,911,1090,1229,1350,1514,1639,1744,2010,2192,2308,2482,2618,2767,2928,2992,3061",
                        "endColumns": "118,178,138,120,163,124,104,105,181,115,173,135,148,160,63,68,91",
                        "endOffsets": "906,1085,1224,1345,1509,1634,1739,1845,2187,2303,2477,2613,2762,2923,2987,3056,3148"
                    }
                },
                {
                    "source": "C:\\Users\\gonza\\.gradle\\caches\\8.12\\transforms\\906adeab1fc54800ccbfe1f925d79fc0\\transformed\\jetified-play-services-basement-18.3.0\\res\\values-ml\\values.xml",
                    "from": {
                        "startLines": "4",
                        "startColumns": "0",
                        "startOffsets": "195",
                        "endColumns": "155",
                        "endOffsets": "350"
                    },
                    "to": {
                        "startLines": "17",
                        "startColumns": "4",
                        "startOffsets": "1850",
                        "endColumns": "159",
                        "endOffsets": "2005"
                    }
                }
            ]
        }
    ]
}