{
    "logs": [
        {
            "outputFile": "com.calispa.bankaio.app-mergeDebugResources-29:/values-sw/values-sw.xml",
            "map": [
                {
                    "source": "C:\\Users\\gonza\\.gradle\\caches\\8.12\\transforms\\62e42733fc48d7e4200114b93a9c82fb\\transformed\\core-1.13.1\\res\\values-sw\\values-sw.xml",
                    "from": {
                        "startLines": "2,3,4,5,6,7,8,9",
                        "startColumns": "4,4,4,4,4,4,4,4",
                        "startOffsets": "55,149,251,348,449,556,663,778",
                        "endColumns": "93,101,96,100,106,106,114,100",
                        "endOffsets": "144,246,343,444,551,658,773,874"
                    },
                    "to": {
                        "startLines": "2,3,4,5,6,7,8,31",
                        "startColumns": "4,4,4,4,4,4,4,4",
                        "startOffsets": "55,149,251,348,449,556,663,3474",
                        "endColumns": "93,101,96,100,106,106,114,100",
                        "endOffsets": "144,246,343,444,551,658,773,3570"
                    }
                },
                {
                    "source": "C:\\Users\\gonza\\.gradle\\caches\\8.12\\transforms\\906adeab1fc54800ccbfe1f925d79fc0\\transformed\\jetified-play-services-basement-18.3.0\\res\\values-sw\\values.xml",
                    "from": {
                        "startLines": "4",
                        "startColumns": "0",
                        "startOffsets": "195",
                        "endColumns": "141",
                        "endOffsets": "336"
                    },
                    "to": {
                        "startLines": "17",
                        "startColumns": "4",
                        "startOffsets": "1793",
                        "endColumns": "145",
                        "endOffsets": "1934"
                    }
                },
                {
                    "source": "C:\\Users\\gonza\\.gradle\\caches\\8.12\\transforms\\61d3d4fe2dd837d40b39785170a0ad2d\\transformed\\jetified-play-services-base-18.1.0\\res\\values-sw\\values.xml",
                    "from": {
                        "startLines": "4,5,6,7,8,9,10,11,12,13,14,15,16,17,18,19,20",
                        "startColumns": "0,0,0,0,0,0,0,0,0,0,0,0,0,0,0,0,0",
                        "startOffsets": "193,293,445,566,671,830,951,1066,1176,1337,1439,1589,1712,1858,2013,2077,2148",
                        "endColumns": "99,151,120,104,158,120,114,109,160,101,149,122,145,154,63,70,91",
                        "endOffsets": "292,444,565,670,829,950,1065,1175,1336,1438,1588,1711,1857,2012,2076,2147,2239"
                    },
                    "to": {
                        "startLines": "9,10,11,12,13,14,15,16,18,19,20,21,22,23,24,25,26",
                        "startColumns": "4,4,4,4,4,4,4,4,4,4,4,4,4,4,4,4,4",
                        "startOffsets": "778,882,1038,1163,1272,1435,1560,1679,1939,2104,2210,2364,2491,2641,2800,2868,2943",
                        "endColumns": "103,155,124,108,162,124,118,113,164,105,153,126,149,158,67,74,95",
                        "endOffsets": "877,1033,1158,1267,1430,1555,1674,1788,2099,2205,2359,2486,2636,2795,2863,2938,3034"
                    }
                },
                {
                    "source": "C:\\Users\\gonza\\.gradle\\caches\\8.12\\transforms\\8411a046f9616658209ad8ea4a5d985f\\transformed\\browser-1.4.0\\res\\values-sw\\values-sw.xml",
                    "from": {
                        "startLines": "2,3,4,5",
                        "startColumns": "4,4,4,4",
                        "startOffsets": "55,169,270,387",
                        "endColumns": "113,100,116,102",
                        "endOffsets": "164,265,382,485"
                    },
                    "to": {
                        "startLines": "27,28,29,30",
                        "startColumns": "4,4,4,4",
                        "startOffsets": "3039,3153,3254,3371",
                        "endColumns": "113,100,116,102",
                        "endOffsets": "3148,3249,3366,3469"
                    }
                }
            ]
        }
    ]
}