{
    "logs": [
        {
            "outputFile": "com.calispa.bankaio.app-mergeDebugResources-29:/values-pl/values-pl.xml",
            "map": [
                {
                    "source": "C:\\Users\\gonza\\.gradle\\caches\\8.12\\transforms\\906adeab1fc54800ccbfe1f925d79fc0\\transformed\\jetified-play-services-basement-18.3.0\\res\\values-pl\\values.xml",
                    "from": {
                        "startLines": "4",
                        "startColumns": "0",
                        "startOffsets": "195",
                        "endColumns": "135",
                        "endOffsets": "330"
                    },
                    "to": {
                        "startLines": "17",
                        "startColumns": "4",
                        "startOffsets": "1782",
                        "endColumns": "139",
                        "endOffsets": "1917"
                    }
                },
                {
                    "source": "C:\\Users\\gonza\\.gradle\\caches\\8.12\\transforms\\61d3d4fe2dd837d40b39785170a0ad2d\\transformed\\jetified-play-services-base-18.1.0\\res\\values-pl\\values.xml",
                    "from": {
                        "startLines": "4,5,6,7,8,9,10,11,12,13,14,15,16,17,18,19,20",
                        "startColumns": "0,0,0,0,0,0,0,0,0,0,0,0,0,0,0,0,0",
                        "startOffsets": "193,293,457,575,681,828,949,1056,1151,1318,1423,1594,1718,1873,2030,2095,2157",
                        "endColumns": "99,163,117,105,146,120,106,94,166,104,170,123,154,156,64,61,79",
                        "endOffsets": "292,456,574,680,827,948,1055,1150,1317,1422,1593,1717,1872,2029,2094,2156,2236"
                    },
                    "to": {
                        "startLines": "9,10,11,12,13,14,15,16,18,19,20,21,22,23,24,25,26",
                        "startColumns": "4,4,4,4,4,4,4,4,4,4,4,4,4,4,4,4,4",
                        "startOffsets": "792,896,1064,1186,1296,1447,1572,1683,1922,2093,2202,2377,2505,2664,2825,2894,2960",
                        "endColumns": "103,167,121,109,150,124,110,98,170,108,174,127,158,160,68,65,83",
                        "endOffsets": "891,1059,1181,1291,1442,1567,1678,1777,2088,2197,2372,2500,2659,2820,2889,2955,3039"
                    }
                },
                {
                    "source": "C:\\Users\\gonza\\.gradle\\caches\\8.12\\transforms\\62e42733fc48d7e4200114b93a9c82fb\\transformed\\core-1.13.1\\res\\values-pl\\values-pl.xml",
                    "from": {
                        "startLines": "2,3,4,5,6,7,8,9",
                        "startColumns": "4,4,4,4,4,4,4,4",
                        "startOffsets": "55,152,254,352,451,565,670,792",
                        "endColumns": "96,101,97,98,113,104,121,100",
                        "endOffsets": "147,249,347,446,560,665,787,888"
                    },
                    "to": {
                        "startLines": "2,3,4,5,6,7,8,31",
                        "startColumns": "4,4,4,4,4,4,4,4",
                        "startOffsets": "55,152,254,352,451,565,670,3462",
                        "endColumns": "96,101,97,98,113,104,121,100",
                        "endOffsets": "147,249,347,446,560,665,787,3558"
                    }
                },
                {
                    "source": "C:\\Users\\gonza\\.gradle\\caches\\8.12\\transforms\\8411a046f9616658209ad8ea4a5d985f\\transformed\\browser-1.4.0\\res\\values-pl\\values-pl.xml",
                    "from": {
                        "startLines": "2,3,4,5",
                        "startColumns": "4,4,4,4",
                        "startOffsets": "55,155,254,369",
                        "endColumns": "99,98,114,103",
                        "endOffsets": "150,249,364,468"
                    },
                    "to": {
                        "startLines": "27,28,29,30",
                        "startColumns": "4,4,4,4",
                        "startOffsets": "3044,3144,3243,3358",
                        "endColumns": "99,98,114,103",
                        "endOffsets": "3139,3238,3353,3457"
                    }
                }
            ]
        }
    ]
}