{
    "logs": [
        {
            "outputFile": "com.calispa.bankaio.app-mergeDebugResources-29:/values-eu/values-eu.xml",
            "map": [
                {
                    "source": "C:\\Users\\gonza\\.gradle\\caches\\8.12\\transforms\\906adeab1fc54800ccbfe1f925d79fc0\\transformed\\jetified-play-services-basement-18.3.0\\res\\values-eu\\values.xml",
                    "from": {
                        "startLines": "4",
                        "startColumns": "0",
                        "startOffsets": "195",
                        "endColumns": "138",
                        "endOffsets": "333"
                    },
                    "to": {
                        "startLines": "17",
                        "startColumns": "4",
                        "startOffsets": "1804",
                        "endColumns": "142",
                        "endOffsets": "1942"
                    }
                },
                {
                    "source": "C:\\Users\\gonza\\.gradle\\caches\\8.12\\transforms\\8411a046f9616658209ad8ea4a5d985f\\transformed\\browser-1.4.0\\res\\values-eu\\values-eu.xml",
                    "from": {
                        "startLines": "2,3,4,5",
                        "startColumns": "4,4,4,4",
                        "startOffsets": "55,155,257,370",
                        "endColumns": "99,101,112,104",
                        "endOffsets": "150,252,365,470"
                    },
                    "to": {
                        "startLines": "27,28,29,30",
                        "startColumns": "4,4,4,4",
                        "startOffsets": "3061,3161,3263,3376",
                        "endColumns": "99,101,112,104",
                        "endOffsets": "3156,3258,3371,3476"
                    }
                },
                {
                    "source": "C:\\Users\\gonza\\.gradle\\caches\\8.12\\transforms\\61d3d4fe2dd837d40b39785170a0ad2d\\transformed\\jetified-play-services-base-18.1.0\\res\\values-eu\\values.xml",
                    "from": {
                        "startLines": "4,5,6,7,8,9,10,11,12,13,14,15,16,17,18,19,20",
                        "startColumns": "0,0,0,0,0,0,0,0,0,0,0,0,0,0,0,0,0",
                        "startOffsets": "193,293,461,581,686,834,955,1075,1179,1353,1457,1616,1740,1890,2046,2108,2169",
                        "endColumns": "99,167,119,104,147,120,119,103,173,103,158,123,149,155,61,60,87",
                        "endOffsets": "292,460,580,685,833,954,1074,1178,1352,1456,1615,1739,1889,2045,2107,2168,2256"
                    },
                    "to": {
                        "startLines": "9,10,11,12,13,14,15,16,18,19,20,21,22,23,24,25,26",
                        "startColumns": "4,4,4,4,4,4,4,4,4,4,4,4,4,4,4,4,4",
                        "startOffsets": "786,890,1062,1186,1295,1447,1572,1696,1947,2125,2233,2396,2524,2678,2838,2904,2969",
                        "endColumns": "103,171,123,108,151,124,123,107,177,107,162,127,153,159,65,64,91",
                        "endOffsets": "885,1057,1181,1290,1442,1567,1691,1799,2120,2228,2391,2519,2673,2833,2899,2964,3056"
                    }
                },
                {
                    "source": "C:\\Users\\gonza\\.gradle\\caches\\8.12\\transforms\\62e42733fc48d7e4200114b93a9c82fb\\transformed\\core-1.13.1\\res\\values-eu\\values-eu.xml",
                    "from": {
                        "startLines": "2,3,4,5,6,7,8,9",
                        "startColumns": "4,4,4,4,4,4,4,4",
                        "startOffsets": "55,153,256,356,459,564,667,786",
                        "endColumns": "97,102,99,102,104,102,118,100",
                        "endOffsets": "148,251,351,454,559,662,781,882"
                    },
                    "to": {
                        "startLines": "2,3,4,5,6,7,8,31",
                        "startColumns": "4,4,4,4,4,4,4,4",
                        "startOffsets": "55,153,256,356,459,564,667,3481",
                        "endColumns": "97,102,99,102,104,102,118,100",
                        "endOffsets": "148,251,351,454,559,662,781,3577"
                    }
                }
            ]
        }
    ]
}