{
    "logs": [
        {
            "outputFile": "com.calispa.bankaio.app-mergeDebugResources-29:/values-bs/values-bs.xml",
            "map": [
                {
                    "source": "C:\\Users\\gonza\\.gradle\\caches\\8.12\\transforms\\906adeab1fc54800ccbfe1f925d79fc0\\transformed\\jetified-play-services-basement-18.3.0\\res\\values-bs\\values.xml",
                    "from": {
                        "startLines": "4",
                        "startColumns": "0",
                        "startOffsets": "195",
                        "endColumns": "136",
                        "endOffsets": "331"
                    },
                    "to": {
                        "startLines": "17",
                        "startColumns": "4",
                        "startOffsets": "1772",
                        "endColumns": "140",
                        "endOffsets": "1908"
                    }
                },
                {
                    "source": "C:\\Users\\gonza\\.gradle\\caches\\8.12\\transforms\\8411a046f9616658209ad8ea4a5d985f\\transformed\\browser-1.4.0\\res\\values-bs\\values-bs.xml",
                    "from": {
                        "startLines": "2,3,4,5",
                        "startColumns": "4,4,4,4",
                        "startOffsets": "55,159,259,373",
                        "endColumns": "103,99,113,99",
                        "endOffsets": "154,254,368,468"
                    },
                    "to": {
                        "startLines": "27,28,29,30",
                        "startColumns": "4,4,4,4",
                        "startOffsets": "2973,3077,3177,3291",
                        "endColumns": "103,99,113,99",
                        "endOffsets": "3072,3172,3286,3386"
                    }
                },
                {
                    "source": "C:\\Users\\gonza\\.gradle\\caches\\8.12\\transforms\\62e42733fc48d7e4200114b93a9c82fb\\transformed\\core-1.13.1\\res\\values-bs\\values-bs.xml",
                    "from": {
                        "startLines": "2,3,4,5,6,7,8,9",
                        "startColumns": "4,4,4,4,4,4,4,4",
                        "startOffsets": "55,153,255,353,457,561,663,780",
                        "endColumns": "97,101,97,103,103,101,116,100",
                        "endOffsets": "148,250,348,452,556,658,775,876"
                    },
                    "to": {
                        "startLines": "2,3,4,5,6,7,8,31",
                        "startColumns": "4,4,4,4,4,4,4,4",
                        "startOffsets": "55,153,255,353,457,561,663,3391",
                        "endColumns": "97,101,97,103,103,101,116,100",
                        "endOffsets": "148,250,348,452,556,658,775,3487"
                    }
                },
                {
                    "source": "C:\\Users\\gonza\\.gradle\\caches\\8.12\\transforms\\61d3d4fe2dd837d40b39785170a0ad2d\\transformed\\jetified-play-services-base-18.1.0\\res\\values-bs\\values.xml",
                    "from": {
                        "startLines": "4,5,6,7,8,9,10,11,12,13,14,15,16,17,18,19,20",
                        "startColumns": "0,0,0,0,0,0,0,0,0,0,0,0,0,0,0,0,0",
                        "startOffsets": "193,295,451,573,679,825,947,1055,1153,1303,1406,1563,1686,1832,1974,2038,2096",
                        "endColumns": "101,155,121,105,145,121,107,97,149,102,156,122,145,141,63,57,80",
                        "endOffsets": "294,450,572,678,824,946,1054,1152,1302,1405,1562,1685,1831,1973,2037,2095,2176"
                    },
                    "to": {
                        "startLines": "9,10,11,12,13,14,15,16,18,19,20,21,22,23,24,25,26",
                        "startColumns": "4,4,4,4,4,4,4,4,4,4,4,4,4,4,4,4,4",
                        "startOffsets": "780,886,1046,1172,1282,1432,1558,1670,1913,2067,2174,2335,2462,2612,2758,2826,2888",
                        "endColumns": "105,159,125,109,149,125,111,101,153,106,160,126,149,145,67,61,84",
                        "endOffsets": "881,1041,1167,1277,1427,1553,1665,1767,2062,2169,2330,2457,2607,2753,2821,2883,2968"
                    }
                }
            ]
        }
    ]
}