{
    "logs": [
        {
            "outputFile": "com.calispa.bankaio.app-mergeDebugResources-29:/values-bn/values-bn.xml",
            "map": [
                {
                    "source": "C:\\Users\\gonza\\.gradle\\caches\\8.12\\transforms\\62e42733fc48d7e4200114b93a9c82fb\\transformed\\core-1.13.1\\res\\values-bn\\values-bn.xml",
                    "from": {
                        "startLines": "2,3,4,5,6,7,8,9",
                        "startColumns": "4,4,4,4,4,4,4,4",
                        "startOffsets": "55,154,256,358,461,562,664,784",
                        "endColumns": "98,101,101,102,100,101,119,100",
                        "endOffsets": "149,251,353,456,557,659,779,880"
                    },
                    "to": {
                        "startLines": "2,3,4,5,6,7,8,31",
                        "startColumns": "4,4,4,4,4,4,4,4",
                        "startOffsets": "55,154,256,358,461,562,664,3374",
                        "endColumns": "98,101,101,102,100,101,119,100",
                        "endOffsets": "149,251,353,456,557,659,779,3470"
                    }
                },
                {
                    "source": "C:\\Users\\gonza\\.gradle\\caches\\8.12\\transforms\\61d3d4fe2dd837d40b39785170a0ad2d\\transformed\\jetified-play-services-base-18.1.0\\res\\values-bn\\values.xml",
                    "from": {
                        "startLines": "4,5,6,7,8,9,10,11,12,13,14,15,16,17,18,19,20",
                        "startColumns": "0,0,0,0,0,0,0,0,0,0,0,0,0,0,0,0,0",
                        "startOffsets": "193,298,453,577,684,816,934,1042,1142,1281,1386,1538,1662,1791,1935,1991,2054",
                        "endColumns": "104,154,123,106,131,117,107,99,138,104,151,123,128,143,55,62,85",
                        "endOffsets": "297,452,576,683,815,933,1041,1141,1280,1385,1537,1661,1790,1934,1990,2053,2139"
                    },
                    "to": {
                        "startLines": "9,10,11,12,13,14,15,16,18,19,20,21,22,23,24,25,26",
                        "startColumns": "4,4,4,4,4,4,4,4,4,4,4,4,4,4,4,4,4",
                        "startOffsets": "784,893,1052,1180,1291,1427,1549,1661,1917,2060,2169,2325,2453,2586,2734,2794,2861",
                        "endColumns": "108,158,127,110,135,121,111,103,142,108,155,127,132,147,59,66,89",
                        "endOffsets": "888,1047,1175,1286,1422,1544,1656,1760,2055,2164,2320,2448,2581,2729,2789,2856,2946"
                    }
                },
                {
                    "source": "C:\\Users\\gonza\\.gradle\\caches\\8.12\\transforms\\906adeab1fc54800ccbfe1f925d79fc0\\transformed\\jetified-play-services-basement-18.3.0\\res\\values-bn\\values.xml",
                    "from": {
                        "startLines": "4",
                        "startColumns": "0",
                        "startOffsets": "195",
                        "endColumns": "147",
                        "endOffsets": "342"
                    },
                    "to": {
                        "startLines": "17",
                        "startColumns": "4",
                        "startOffsets": "1765",
                        "endColumns": "151",
                        "endOffsets": "1912"
                    }
                },
                {
                    "source": "C:\\Users\\gonza\\.gradle\\caches\\8.12\\transforms\\8411a046f9616658209ad8ea4a5d985f\\transformed\\browser-1.4.0\\res\\values-bn\\values-bn.xml",
                    "from": {
                        "startLines": "2,3,4,5",
                        "startColumns": "4,4,4,4",
                        "startOffsets": "55,161,263,372",
                        "endColumns": "105,101,108,105",
                        "endOffsets": "156,258,367,473"
                    },
                    "to": {
                        "startLines": "27,28,29,30",
                        "startColumns": "4,4,4,4",
                        "startOffsets": "2951,3057,3159,3268",
                        "endColumns": "105,101,108,105",
                        "endOffsets": "3052,3154,3263,3369"
                    }
                }
            ]
        }
    ]
}