{
    "logs": [
        {
            "outputFile": "com.calispa.bankaio.app-mergeDebugResources-29:/values-mr/values-mr.xml",
            "map": [
                {
                    "source": "C:\\Users\\gonza\\.gradle\\caches\\8.12\\transforms\\62e42733fc48d7e4200114b93a9c82fb\\transformed\\core-1.13.1\\res\\values-mr\\values-mr.xml",
                    "from": {
                        "startLines": "2,3,4,5,6,7,8,9",
                        "startColumns": "4,4,4,4,4,4,4,4",
                        "startOffsets": "55,155,259,360,463,565,670,787",
                        "endColumns": "99,103,100,102,101,104,116,100",
                        "endOffsets": "150,254,355,458,560,665,782,883"
                    },
                    "to": {
                        "startLines": "2,3,4,5,6,7,8,31",
                        "startColumns": "4,4,4,4,4,4,4,4",
                        "startOffsets": "55,155,259,360,463,565,670,3361",
                        "endColumns": "99,103,100,102,101,104,116,100",
                        "endOffsets": "150,254,355,458,560,665,782,3457"
                    }
                },
                {
                    "source": "C:\\Users\\gonza\\.gradle\\caches\\8.12\\transforms\\906adeab1fc54800ccbfe1f925d79fc0\\transformed\\jetified-play-services-basement-18.3.0\\res\\values-mr\\values.xml",
                    "from": {
                        "startLines": "4",
                        "startColumns": "0",
                        "startOffsets": "195",
                        "endColumns": "138",
                        "endOffsets": "333"
                    },
                    "to": {
                        "startLines": "17",
                        "startColumns": "4",
                        "startOffsets": "1768",
                        "endColumns": "142",
                        "endOffsets": "1906"
                    }
                },
                {
                    "source": "C:\\Users\\gonza\\.gradle\\caches\\8.12\\transforms\\8411a046f9616658209ad8ea4a5d985f\\transformed\\browser-1.4.0\\res\\values-mr\\values-mr.xml",
                    "from": {
                        "startLines": "2,3,4,5",
                        "startColumns": "4,4,4,4",
                        "startOffsets": "55,156,257,368",
                        "endColumns": "100,100,110,101",
                        "endOffsets": "151,252,363,465"
                    },
                    "to": {
                        "startLines": "27,28,29,30",
                        "startColumns": "4,4,4,4",
                        "startOffsets": "2946,3047,3148,3259",
                        "endColumns": "100,100,110,101",
                        "endOffsets": "3042,3143,3254,3356"
                    }
                },
                {
                    "source": "C:\\Users\\gonza\\.gradle\\caches\\8.12\\transforms\\61d3d4fe2dd837d40b39785170a0ad2d\\transformed\\jetified-play-services-base-18.1.0\\res\\values-mr\\values.xml",
                    "from": {
                        "startLines": "4,5,6,7,8,9,10,11,12,13,14,15,16,17,18,19,20",
                        "startColumns": "0,0,0,0,0,0,0,0,0,0,0,0,0,0,0,0,0",
                        "startOffsets": "193,296,460,579,687,828,945,1049,1142,1288,1392,1542,1662,1797,1946,2002,2064",
                        "endColumns": "102,163,118,107,140,116,103,92,145,103,149,119,134,148,55,61,76",
                        "endOffsets": "295,459,578,686,827,944,1048,1141,1287,1391,1541,1661,1796,1945,2001,2063,2140"
                    },
                    "to": {
                        "startLines": "9,10,11,12,13,14,15,16,18,19,20,21,22,23,24,25,26",
                        "startColumns": "4,4,4,4,4,4,4,4,4,4,4,4,4,4,4,4,4",
                        "startOffsets": "787,894,1062,1185,1297,1442,1563,1671,1911,2061,2169,2323,2447,2586,2739,2799,2865",
                        "endColumns": "106,167,122,111,144,120,107,96,149,107,153,123,138,152,59,65,80",
                        "endOffsets": "889,1057,1180,1292,1437,1558,1666,1763,2056,2164,2318,2442,2581,2734,2794,2860,2941"
                    }
                }
            ]
        }
    ]
}