{
    "logs": [
        {
            "outputFile": "com.calispa.bankaio.app-mergeDebugResources-29:/values-en-rIN/values-en-rIN.xml",
            "map": [
                {
                    "source": "C:\\Users\\gonza\\.gradle\\caches\\8.12\\transforms\\62e42733fc48d7e4200114b93a9c82fb\\transformed\\core-1.13.1\\res\\values-en-rIN\\values-en-rIN.xml",
                    "from": {
                        "startLines": "2,3,4,5,6,7,8,9",
                        "startColumns": "4,4,4,4,4,4,4,4",
                        "startOffsets": "55,151,253,352,451,555,658,774",
                        "endColumns": "95,101,98,98,103,102,115,100",
                        "endOffsets": "146,248,347,446,550,653,769,870"
                    },
                    "to": {
                        "startLines": "2,3,4,5,6,7,8,13",
                        "startColumns": "4,4,4,4,4,4,4,4",
                        "startOffsets": "55,151,253,352,451,555,658,1177",
                        "endColumns": "95,101,98,98,103,102,115,100",
                        "endOffsets": "146,248,347,446,550,653,769,1273"
                    }
                },
                {
                    "source": "C:\\Users\\gonza\\.gradle\\caches\\8.12\\transforms\\8411a046f9616658209ad8ea4a5d985f\\transformed\\browser-1.4.0\\res\\values-en-rIN\\values-en-rIN.xml",
                    "from": {
                        "startLines": "2,3,4,5",
                        "startColumns": "4,4,4,4",
                        "startOffsets": "55,153,250,359",
                        "endColumns": "97,96,108,98",
                        "endOffsets": "148,245,354,453"
                    },
                    "to": {
                        "startLines": "9,10,11,12",
                        "startColumns": "4,4,4,4",
                        "startOffsets": "774,872,969,1078",
                        "endColumns": "97,96,108,98",
                        "endOffsets": "867,964,1073,1172"
                    }
                }
            ]
        }
    ]
}