{
    "logs": [
        {
            "outputFile": "com.calispa.bankaio.app-mergeDebugResources-29:/values-ca/values-ca.xml",
            "map": [
                {
                    "source": "C:\\Users\\gonza\\.gradle\\caches\\8.12\\transforms\\62e42733fc48d7e4200114b93a9c82fb\\transformed\\core-1.13.1\\res\\values-ca\\values-ca.xml",
                    "from": {
                        "startLines": "2,3,4,5,6,7,8,9",
                        "startColumns": "4,4,4,4,4,4,4,4",
                        "startOffsets": "55,151,253,352,449,555,660,786",
                        "endColumns": "95,101,98,96,105,104,125,100",
                        "endOffsets": "146,248,347,444,550,655,781,882"
                    },
                    "to": {
                        "startLines": "2,3,4,5,6,7,8,31",
                        "startColumns": "4,4,4,4,4,4,4,4",
                        "startOffsets": "55,151,253,352,449,555,660,3470",
                        "endColumns": "95,101,98,96,105,104,125,100",
                        "endOffsets": "146,248,347,444,550,655,781,3566"
                    }
                },
                {
                    "source": "C:\\Users\\gonza\\.gradle\\caches\\8.12\\transforms\\61d3d4fe2dd837d40b39785170a0ad2d\\transformed\\jetified-play-services-base-18.1.0\\res\\values-ca\\values.xml",
                    "from": {
                        "startLines": "4,5,6,7,8,9,10,11,12,13,14,15,16,17,18,19,20",
                        "startColumns": "0,0,0,0,0,0,0,0,0,0,0,0,0,0,0,0,0",
                        "startOffsets": "193,294,442,565,670,816,939,1058,1162,1329,1434,1589,1716,1876,2030,2091,2155",
                        "endColumns": "100,147,122,104,145,122,118,103,166,104,154,126,159,153,60,63,82",
                        "endOffsets": "293,441,564,669,815,938,1057,1161,1328,1433,1588,1715,1875,2029,2090,2154,2237"
                    },
                    "to": {
                        "startLines": "9,10,11,12,13,14,15,16,18,19,20,21,22,23,24,25,26",
                        "startColumns": "4,4,4,4,4,4,4,4,4,4,4,4,4,4,4,4,4",
                        "startOffsets": "786,891,1043,1170,1279,1429,1556,1679,1922,2093,2202,2361,2492,2656,2814,2879,2947",
                        "endColumns": "104,151,126,108,149,126,122,107,170,108,158,130,163,157,64,67,86",
                        "endOffsets": "886,1038,1165,1274,1424,1551,1674,1782,2088,2197,2356,2487,2651,2809,2874,2942,3029"
                    }
                },
                {
                    "source": "C:\\Users\\gonza\\.gradle\\caches\\8.12\\transforms\\906adeab1fc54800ccbfe1f925d79fc0\\transformed\\jetified-play-services-basement-18.3.0\\res\\values-ca\\values.xml",
                    "from": {
                        "startLines": "4",
                        "startColumns": "0",
                        "startOffsets": "195",
                        "endColumns": "130",
                        "endOffsets": "325"
                    },
                    "to": {
                        "startLines": "17",
                        "startColumns": "4",
                        "startOffsets": "1787",
                        "endColumns": "134",
                        "endOffsets": "1917"
                    }
                },
                {
                    "source": "C:\\Users\\gonza\\.gradle\\caches\\8.12\\transforms\\8411a046f9616658209ad8ea4a5d985f\\transformed\\browser-1.4.0\\res\\values-ca\\values-ca.xml",
                    "from": {
                        "startLines": "2,3,4,5",
                        "startColumns": "4,4,4,4",
                        "startOffsets": "55,168,271,382",
                        "endColumns": "112,102,110,108",
                        "endOffsets": "163,266,377,486"
                    },
                    "to": {
                        "startLines": "27,28,29,30",
                        "startColumns": "4,4,4,4",
                        "startOffsets": "3034,3147,3250,3361",
                        "endColumns": "112,102,110,108",
                        "endOffsets": "3142,3245,3356,3465"
                    }
                }
            ]
        }
    ]
}