{
    "logs": [
        {
            "outputFile": "com.calispa.bankaio.app-mergeDebugResources-29:/values-ja/values-ja.xml",
            "map": [
                {
                    "source": "C:\\Users\\gonza\\.gradle\\caches\\8.12\\transforms\\61d3d4fe2dd837d40b39785170a0ad2d\\transformed\\jetified-play-services-base-18.1.0\\res\\values-ja\\values.xml",
                    "from": {
                        "startLines": "4,5,6,7,8,9,10,11,12,13,14,15,16,17,18,19,20",
                        "startColumns": "0,0,0,0,0,0,0,0,0,0,0,0,0,0,0,0,0",
                        "startOffsets": "193,293,423,539,641,769,885,986,1081,1211,1308,1437,1552,1668,1784,1840,1895",
                        "endColumns": "99,129,115,101,127,115,100,94,129,96,128,114,115,115,55,54,66",
                        "endOffsets": "292,422,538,640,768,884,985,1080,1210,1307,1436,1551,1667,1783,1839,1894,1961"
                    },
                    "to": {
                        "startLines": "9,10,11,12,13,14,15,16,18,19,20,21,22,23,24,25,26",
                        "startColumns": "4,4,4,4,4,4,4,4,4,4,4,4,4,4,4,4,4",
                        "startOffsets": "724,828,962,1082,1188,1320,1440,1545,1766,1900,2001,2134,2253,2373,2493,2553,2612",
                        "endColumns": "103,133,119,105,131,119,104,98,133,100,132,118,119,119,59,58,70",
                        "endOffsets": "823,957,1077,1183,1315,1435,1540,1639,1895,1996,2129,2248,2368,2488,2548,2607,2678"
                    }
                },
                {
                    "source": "C:\\Users\\gonza\\.gradle\\caches\\8.12\\transforms\\906adeab1fc54800ccbfe1f925d79fc0\\transformed\\jetified-play-services-basement-18.3.0\\res\\values-ja\\values.xml",
                    "from": {
                        "startLines": "4",
                        "startColumns": "0",
                        "startOffsets": "195",
                        "endColumns": "117",
                        "endOffsets": "312"
                    },
                    "to": {
                        "startLines": "17",
                        "startColumns": "4",
                        "startOffsets": "1644",
                        "endColumns": "121",
                        "endOffsets": "1761"
                    }
                },
                {
                    "source": "C:\\Users\\gonza\\.gradle\\caches\\8.12\\transforms\\8411a046f9616658209ad8ea4a5d985f\\transformed\\browser-1.4.0\\res\\values-ja\\values-ja.xml",
                    "from": {
                        "startLines": "2,3,4,5",
                        "startColumns": "4,4,4,4",
                        "startOffsets": "55,148,243,344",
                        "endColumns": "92,94,100,94",
                        "endOffsets": "143,238,339,434"
                    },
                    "to": {
                        "startLines": "27,28,29,30",
                        "startColumns": "4,4,4,4",
                        "startOffsets": "2683,2776,2871,2972",
                        "endColumns": "92,94,100,94",
                        "endOffsets": "2771,2866,2967,3062"
                    }
                },
                {
                    "source": "C:\\Users\\gonza\\.gradle\\caches\\8.12\\transforms\\62e42733fc48d7e4200114b93a9c82fb\\transformed\\core-1.13.1\\res\\values-ja\\values-ja.xml",
                    "from": {
                        "startLines": "2,3,4,5,6,7,8,9",
                        "startColumns": "4,4,4,4,4,4,4,4",
                        "startOffsets": "55,147,247,341,437,530,623,724",
                        "endColumns": "91,99,93,95,92,92,100,100",
                        "endOffsets": "142,242,336,432,525,618,719,820"
                    },
                    "to": {
                        "startLines": "2,3,4,5,6,7,8,31",
                        "startColumns": "4,4,4,4,4,4,4,4",
                        "startOffsets": "55,147,247,341,437,530,623,3067",
                        "endColumns": "91,99,93,95,92,92,100,100",
                        "endOffsets": "142,242,336,432,525,618,719,3163"
                    }
                }
            ]
        }
    ]
}