{
    "logs": [
        {
            "outputFile": "com.calispa.bankaio.app-mergeDebugResources-29:/values-bg/values-bg.xml",
            "map": [
                {
                    "source": "C:\\Users\\gonza\\.gradle\\caches\\8.12\\transforms\\61d3d4fe2dd837d40b39785170a0ad2d\\transformed\\jetified-play-services-base-18.1.0\\res\\values-bg\\values.xml",
                    "from": {
                        "startLines": "4,5,6,7,8,9,10,11,12,13,14,15,16,17,18,19,20",
                        "startColumns": "0,0,0,0,0,0,0,0,0,0,0,0,0,0,0,0,0",
                        "startOffsets": "193,298,459,590,697,860,991,1106,1211,1376,1484,1655,1789,1942,2104,2170,2225",
                        "endColumns": "104,160,130,106,162,130,114,104,164,107,170,133,152,161,65,54,68",
                        "endOffsets": "297,458,589,696,859,990,1105,1210,1375,1483,1654,1788,1941,2103,2169,2224,2293"
                    },
                    "to": {
                        "startLines": "9,10,11,12,13,14,15,16,18,19,20,21,22,23,24,25,26",
                        "startColumns": "4,4,4,4,4,4,4,4,4,4,4,4,4,4,4,4,4",
                        "startOffsets": "796,905,1070,1205,1316,1483,1618,1737,1984,2153,2265,2440,2578,2735,2901,2971,3030",
                        "endColumns": "108,164,134,110,166,134,118,108,168,111,174,137,156,165,69,58,72",
                        "endOffsets": "900,1065,1200,1311,1478,1613,1732,1841,2148,2260,2435,2573,2730,2896,2966,3025,3098"
                    }
                },
                {
                    "source": "C:\\Users\\gonza\\.gradle\\caches\\8.12\\transforms\\62e42733fc48d7e4200114b93a9c82fb\\transformed\\core-1.13.1\\res\\values-bg\\values-bg.xml",
                    "from": {
                        "startLines": "2,3,4,5,6,7,8,9",
                        "startColumns": "4,4,4,4,4,4,4,4",
                        "startOffsets": "55,152,262,364,465,572,677,796",
                        "endColumns": "96,109,101,100,106,104,118,100",
                        "endOffsets": "147,257,359,460,567,672,791,892"
                    },
                    "to": {
                        "startLines": "2,3,4,5,6,7,8,31",
                        "startColumns": "4,4,4,4,4,4,4,4",
                        "startOffsets": "55,152,262,364,465,572,677,3544",
                        "endColumns": "96,109,101,100,106,104,118,100",
                        "endOffsets": "147,257,359,460,567,672,791,3640"
                    }
                },
                {
                    "source": "C:\\Users\\gonza\\.gradle\\caches\\8.12\\transforms\\8411a046f9616658209ad8ea4a5d985f\\transformed\\browser-1.4.0\\res\\values-bg\\values-bg.xml",
                    "from": {
                        "startLines": "2,3,4,5",
                        "startColumns": "4,4,4,4",
                        "startOffsets": "55,166,274,386",
                        "endColumns": "110,107,111,109",
                        "endOffsets": "161,269,381,491"
                    },
                    "to": {
                        "startLines": "27,28,29,30",
                        "startColumns": "4,4,4,4",
                        "startOffsets": "3103,3214,3322,3434",
                        "endColumns": "110,107,111,109",
                        "endOffsets": "3209,3317,3429,3539"
                    }
                },
                {
                    "source": "C:\\Users\\gonza\\.gradle\\caches\\8.12\\transforms\\906adeab1fc54800ccbfe1f925d79fc0\\transformed\\jetified-play-services-basement-18.3.0\\res\\values-bg\\values.xml",
                    "from": {
                        "startLines": "4",
                        "startColumns": "0",
                        "startOffsets": "195",
                        "endColumns": "133",
                        "endOffsets": "328"
                    },
                    "to": {
                        "startLines": "17",
                        "startColumns": "4",
                        "startOffsets": "1846",
                        "endColumns": "137",
                        "endOffsets": "1979"
                    }
                }
            ]
        }
    ]
}