{
    "logs": [
        {
            "outputFile": "com.calispa.bankaio.app-mergeDebugResources-29:/values-ko/values-ko.xml",
            "map": [
                {
                    "source": "C:\\Users\\gonza\\.gradle\\caches\\8.12\\transforms\\8411a046f9616658209ad8ea4a5d985f\\transformed\\browser-1.4.0\\res\\values-ko\\values-ko.xml",
                    "from": {
                        "startLines": "2,3,4,5",
                        "startColumns": "4,4,4,4",
                        "startOffsets": "55,141,234,337",
                        "endColumns": "85,92,102,93",
                        "endOffsets": "136,229,332,426"
                    },
                    "to": {
                        "startLines": "27,28,29,30",
                        "startColumns": "4,4,4,4",
                        "startOffsets": "2679,2765,2858,2961",
                        "endColumns": "85,92,102,93",
                        "endOffsets": "2760,2853,2956,3050"
                    }
                },
                {
                    "source": "C:\\Users\\gonza\\.gradle\\caches\\8.12\\transforms\\906adeab1fc54800ccbfe1f925d79fc0\\transformed\\jetified-play-services-basement-18.3.0\\res\\values-ko\\values.xml",
                    "from": {
                        "startLines": "4",
                        "startColumns": "0",
                        "startOffsets": "195",
                        "endColumns": "116",
                        "endOffsets": "311"
                    },
                    "to": {
                        "startLines": "17",
                        "startColumns": "4",
                        "startOffsets": "1627",
                        "endColumns": "120",
                        "endOffsets": "1743"
                    }
                },
                {
                    "source": "C:\\Users\\gonza\\.gradle\\caches\\8.12\\transforms\\62e42733fc48d7e4200114b93a9c82fb\\transformed\\core-1.13.1\\res\\values-ko\\values-ko.xml",
                    "from": {
                        "startLines": "2,3,4,5,6,7,8,9",
                        "startColumns": "4,4,4,4,4,4,4,4",
                        "startOffsets": "55,147,247,341,438,534,632,732",
                        "endColumns": "91,99,93,96,95,97,99,100",
                        "endOffsets": "142,242,336,433,529,627,727,828"
                    },
                    "to": {
                        "startLines": "2,3,4,5,6,7,8,31",
                        "startColumns": "4,4,4,4,4,4,4,4",
                        "startOffsets": "55,147,247,341,438,534,632,3055",
                        "endColumns": "91,99,93,96,95,97,99,100",
                        "endOffsets": "142,242,336,433,529,627,727,3151"
                    }
                },
                {
                    "source": "C:\\Users\\gonza\\.gradle\\caches\\8.12\\transforms\\61d3d4fe2dd837d40b39785170a0ad2d\\transformed\\jetified-play-services-base-18.1.0\\res\\values-ko\\values.xml",
                    "from": {
                        "startLines": "4,5,6,7,8,9,10,11,12,13,14,15,16,17,18,19,20",
                        "startColumns": "0,0,0,0,0,0,0,0,0,0,0,0,0,0,0,0,0",
                        "startOffsets": "193,293,428,540,638,749,862,965,1056,1197,1296,1428,1542,1656,1771,1826,1880",
                        "endColumns": "99,134,111,97,110,112,102,90,140,98,131,113,113,114,54,53,70",
                        "endOffsets": "292,427,539,637,748,861,964,1055,1196,1295,1427,1541,1655,1770,1825,1879,1950"
                    },
                    "to": {
                        "startLines": "9,10,11,12,13,14,15,16,18,19,20,21,22,23,24,25,26",
                        "startColumns": "4,4,4,4,4,4,4,4,4,4,4,4,4,4,4,4,4",
                        "startOffsets": "732,836,975,1091,1193,1308,1425,1532,1748,1893,1996,2132,2250,2368,2487,2546,2604",
                        "endColumns": "103,138,115,101,114,116,106,94,144,102,135,117,117,118,58,57,74",
                        "endOffsets": "831,970,1086,1188,1303,1420,1527,1622,1888,1991,2127,2245,2363,2482,2541,2599,2674"
                    }
                }
            ]
        }
    ]
}