{
    "logs": [
        {
            "outputFile": "com.calispa.bankaio.app-mergeDebugResources-29:/values-es-rUS/values-es-rUS.xml",
            "map": [
                {
                    "source": "C:\\Users\\gonza\\.gradle\\caches\\8.12\\transforms\\906adeab1fc54800ccbfe1f925d79fc0\\transformed\\jetified-play-services-basement-18.3.0\\res\\values-es-rUS\\values.xml",
                    "from": {
                        "startLines": "4",
                        "startColumns": "0",
                        "startOffsets": "199",
                        "endColumns": "141",
                        "endOffsets": "340"
                    },
                    "to": {
                        "startLines": "17",
                        "startColumns": "4",
                        "startOffsets": "1822",
                        "endColumns": "145",
                        "endOffsets": "1963"
                    }
                },
                {
                    "source": "C:\\Users\\gonza\\.gradle\\caches\\8.12\\transforms\\8411a046f9616658209ad8ea4a5d985f\\transformed\\browser-1.4.0\\res\\values-es-rUS\\values-es-rUS.xml",
                    "from": {
                        "startLines": "2,3,4,5",
                        "startColumns": "4,4,4,4",
                        "startOffsets": "55,164,266,381",
                        "endColumns": "108,101,114,105",
                        "endOffsets": "159,261,376,482"
                    },
                    "to": {
                        "startLines": "27,28,29,30",
                        "startColumns": "4,4,4,4",
                        "startOffsets": "3116,3225,3327,3442",
                        "endColumns": "108,101,114,105",
                        "endOffsets": "3220,3322,3437,3543"
                    }
                },
                {
                    "source": "C:\\Users\\gonza\\.gradle\\caches\\8.12\\transforms\\61d3d4fe2dd837d40b39785170a0ad2d\\transformed\\jetified-play-services-base-18.1.0\\res\\values-es-rUS\\values.xml",
                    "from": {
                        "startLines": "4,5,6,7,8,9,10,11,12,13,14,15,16,17,18,19,20",
                        "startColumns": "0,0,0,0,0,0,0,0,0,0,0,0,0,0,0,0,0",
                        "startOffsets": "197,301,463,591,695,852,979,1098,1200,1367,1472,1638,1767,1940,2114,2180,2238",
                        "endColumns": "103,161,127,103,156,126,118,101,166,104,165,128,172,173,65,57,73",
                        "endOffsets": "300,462,590,694,851,978,1097,1199,1366,1471,1637,1766,1939,2113,2179,2237,2311"
                    },
                    "to": {
                        "startLines": "9,10,11,12,13,14,15,16,18,19,20,21,22,23,24,25,26",
                        "startColumns": "4,4,4,4,4,4,4,4,4,4,4,4,4,4,4,4,4",
                        "startOffsets": "787,895,1061,1193,1301,1462,1593,1716,1968,2139,2248,2418,2551,2728,2906,2976,3038",
                        "endColumns": "107,165,131,107,160,130,122,105,170,108,169,132,176,177,69,61,77",
                        "endOffsets": "890,1056,1188,1296,1457,1588,1711,1817,2134,2243,2413,2546,2723,2901,2971,3033,3111"
                    }
                },
                {
                    "source": "C:\\Users\\gonza\\.gradle\\caches\\8.12\\transforms\\62e42733fc48d7e4200114b93a9c82fb\\transformed\\core-1.13.1\\res\\values-es-rUS\\values-es-rUS.xml",
                    "from": {
                        "startLines": "2,3,4,5,6,7,8,9",
                        "startColumns": "4,4,4,4,4,4,4,4",
                        "startOffsets": "55,154,256,356,454,561,667,787",
                        "endColumns": "98,101,99,97,106,105,119,100",
                        "endOffsets": "149,251,351,449,556,662,782,883"
                    },
                    "to": {
                        "startLines": "2,3,4,5,6,7,8,31",
                        "startColumns": "4,4,4,4,4,4,4,4",
                        "startOffsets": "55,154,256,356,454,561,667,3548",
                        "endColumns": "98,101,99,97,106,105,119,100",
                        "endOffsets": "149,251,351,449,556,662,782,3644"
                    }
                }
            ]
        }
    ]
}