{
    "logs": [
        {
            "outputFile": "com.calispa.bankaio.app-mergeDebugResources-29:/values-ms/values-ms.xml",
            "map": [
                {
                    "source": "C:\\Users\\gonza\\.gradle\\caches\\8.12\\transforms\\906adeab1fc54800ccbfe1f925d79fc0\\transformed\\jetified-play-services-basement-18.3.0\\res\\values-ms\\values.xml",
                    "from": {
                        "startLines": "4",
                        "startColumns": "0",
                        "startOffsets": "195",
                        "endColumns": "141",
                        "endOffsets": "336"
                    },
                    "to": {
                        "startLines": "17",
                        "startColumns": "4",
                        "startOffsets": "1844",
                        "endColumns": "145",
                        "endOffsets": "1985"
                    }
                },
                {
                    "source": "C:\\Users\\gonza\\.gradle\\caches\\8.12\\transforms\\8411a046f9616658209ad8ea4a5d985f\\transformed\\browser-1.4.0\\res\\values-ms\\values-ms.xml",
                    "from": {
                        "startLines": "2,3,4,5",
                        "startColumns": "4,4,4,4",
                        "startOffsets": "55,160,260,379",
                        "endColumns": "104,99,118,101",
                        "endOffsets": "155,255,374,476"
                    },
                    "to": {
                        "startLines": "27,28,29,30",
                        "startColumns": "4,4,4,4",
                        "startOffsets": "3154,3259,3359,3478",
                        "endColumns": "104,99,118,101",
                        "endOffsets": "3254,3354,3473,3575"
                    }
                },
                {
                    "source": "C:\\Users\\gonza\\.gradle\\caches\\8.12\\transforms\\61d3d4fe2dd837d40b39785170a0ad2d\\transformed\\jetified-play-services-base-18.1.0\\res\\values-ms\\values.xml",
                    "from": {
                        "startLines": "4,5,6,7,8,9,10,11,12,13,14,15,16,17,18,19,20",
                        "startColumns": "0,0,0,0,0,0,0,0,0,0,0,0,0,0,0,0,0",
                        "startOffsets": "193,295,464,590,692,860,988,1104,1207,1388,1493,1664,1795,1962,2133,2196,2256",
                        "endColumns": "101,168,125,101,167,127,115,102,180,104,170,130,166,170,62,59,78",
                        "endOffsets": "294,463,589,691,859,987,1103,1206,1387,1492,1663,1794,1961,2132,2195,2255,2334"
                    },
                    "to": {
                        "startLines": "9,10,11,12,13,14,15,16,18,19,20,21,22,23,24,25,26",
                        "startColumns": "4,4,4,4,4,4,4,4,4,4,4,4,4,4,4,4,4",
                        "startOffsets": "798,904,1077,1207,1313,1485,1617,1737,1990,2175,2284,2459,2594,2765,2940,3007,3071",
                        "endColumns": "105,172,129,105,171,131,119,106,184,108,174,134,170,174,66,63,82",
                        "endOffsets": "899,1072,1202,1308,1480,1612,1732,1839,2170,2279,2454,2589,2760,2935,3002,3066,3149"
                    }
                },
                {
                    "source": "C:\\Users\\gonza\\.gradle\\caches\\8.12\\transforms\\62e42733fc48d7e4200114b93a9c82fb\\transformed\\core-1.13.1\\res\\values-ms\\values-ms.xml",
                    "from": {
                        "startLines": "2,3,4,5,6,7,8,9",
                        "startColumns": "4,4,4,4,4,4,4,4",
                        "startOffsets": "55,150,252,349,459,565,683,798",
                        "endColumns": "94,101,96,109,105,117,114,100",
                        "endOffsets": "145,247,344,454,560,678,793,894"
                    },
                    "to": {
                        "startLines": "2,3,4,5,6,7,8,31",
                        "startColumns": "4,4,4,4,4,4,4,4",
                        "startOffsets": "55,150,252,349,459,565,683,3580",
                        "endColumns": "94,101,96,109,105,117,114,100",
                        "endOffsets": "145,247,344,454,560,678,793,3676"
                    }
                }
            ]
        }
    ]
}