{
    "logs": [
        {
            "outputFile": "com.calispa.bankaio.app-mergeDebugResources-29:/values-ur/values-ur.xml",
            "map": [
                {
                    "source": "C:\\Users\\gonza\\.gradle\\caches\\8.12\\transforms\\62e42733fc48d7e4200114b93a9c82fb\\transformed\\core-1.13.1\\res\\values-ur\\values-ur.xml",
                    "from": {
                        "startLines": "2,3,4,5,6,7,8,9",
                        "startColumns": "4,4,4,4,4,4,4,4",
                        "startOffsets": "55,153,255,357,461,564,662,776",
                        "endColumns": "97,101,101,103,102,97,113,100",
                        "endOffsets": "148,250,352,456,559,657,771,872"
                    },
                    "to": {
                        "startLines": "2,3,4,5,6,7,8,31",
                        "startColumns": "4,4,4,4,4,4,4,4",
                        "startOffsets": "55,153,255,357,461,564,662,3435",
                        "endColumns": "97,101,101,103,102,97,113,100",
                        "endOffsets": "148,250,352,456,559,657,771,3531"
                    }
                },
                {
                    "source": "C:\\Users\\gonza\\.gradle\\caches\\8.12\\transforms\\61d3d4fe2dd837d40b39785170a0ad2d\\transformed\\jetified-play-services-base-18.1.0\\res\\values-ur\\values.xml",
                    "from": {
                        "startLines": "4,5,6,7,8,9,10,11,12,13,14,15,16,17,18,19,20",
                        "startColumns": "0,0,0,0,0,0,0,0,0,0,0,0,0,0,0,0,0",
                        "startOffsets": "193,297,457,579,686,822,945,1053,1153,1301,1407,1575,1699,1841,2006,2065,2128",
                        "endColumns": "103,159,121,106,135,122,107,99,147,105,167,123,141,164,58,62,83",
                        "endOffsets": "296,456,578,685,821,944,1052,1152,1300,1406,1574,1698,1840,2005,2064,2127,2211"
                    },
                    "to": {
                        "startLines": "9,10,11,12,13,14,15,16,18,19,20,21,22,23,24,25,26",
                        "startColumns": "4,4,4,4,4,4,4,4,4,4,4,4,4,4,4,4,4",
                        "startOffsets": "776,884,1048,1174,1285,1425,1552,1664,1920,2072,2182,2354,2482,2628,2797,2860,2927",
                        "endColumns": "107,163,125,110,139,126,111,103,151,109,171,127,145,168,62,66,87",
                        "endOffsets": "879,1043,1169,1280,1420,1547,1659,1763,2067,2177,2349,2477,2623,2792,2855,2922,3010"
                    }
                },
                {
                    "source": "C:\\Users\\gonza\\.gradle\\caches\\8.12\\transforms\\8411a046f9616658209ad8ea4a5d985f\\transformed\\browser-1.4.0\\res\\values-ur\\values-ur.xml",
                    "from": {
                        "startLines": "2,3,4,5",
                        "startColumns": "4,4,4,4",
                        "startOffsets": "55,156,257,368",
                        "endColumns": "100,100,110,106",
                        "endOffsets": "151,252,363,470"
                    },
                    "to": {
                        "startLines": "27,28,29,30",
                        "startColumns": "4,4,4,4",
                        "startOffsets": "3015,3116,3217,3328",
                        "endColumns": "100,100,110,106",
                        "endOffsets": "3111,3212,3323,3430"
                    }
                },
                {
                    "source": "C:\\Users\\gonza\\.gradle\\caches\\8.12\\transforms\\906adeab1fc54800ccbfe1f925d79fc0\\transformed\\jetified-play-services-basement-18.3.0\\res\\values-ur\\values.xml",
                    "from": {
                        "startLines": "4",
                        "startColumns": "0",
                        "startOffsets": "195",
                        "endColumns": "147",
                        "endOffsets": "342"
                    },
                    "to": {
                        "startLines": "17",
                        "startColumns": "4",
                        "startOffsets": "1768",
                        "endColumns": "151",
                        "endOffsets": "1915"
                    }
                }
            ]
        }
    ]
}