{
    "logs": [
        {
            "outputFile": "com.calispa.bankaio.app-mergeDebugResources-29:/values-nl/values-nl.xml",
            "map": [
                {
                    "source": "C:\\Users\\gonza\\.gradle\\caches\\8.12\\transforms\\8411a046f9616658209ad8ea4a5d985f\\transformed\\browser-1.4.0\\res\\values-nl\\values-nl.xml",
                    "from": {
                        "startLines": "2,3,4,5",
                        "startColumns": "4,4,4,4",
                        "startOffsets": "55,158,259,370",
                        "endColumns": "102,100,110,98",
                        "endOffsets": "153,254,365,464"
                    },
                    "to": {
                        "startLines": "27,28,29,30",
                        "startColumns": "4,4,4,4",
                        "startOffsets": "3087,3190,3291,3402",
                        "endColumns": "102,100,110,98",
                        "endOffsets": "3185,3286,3397,3496"
                    }
                },
                {
                    "source": "C:\\Users\\gonza\\.gradle\\caches\\8.12\\transforms\\61d3d4fe2dd837d40b39785170a0ad2d\\transformed\\jetified-play-services-base-18.1.0\\res\\values-nl\\values.xml",
                    "from": {
                        "startLines": "4,5,6,7,8,9,10,11,12,13,14,15,16,17,18,19,20",
                        "startColumns": "0,0,0,0,0,0,0,0,0,0,0,0,0,0,0,0,0",
                        "startOffsets": "193,297,444,568,675,838,961,1080,1182,1356,1458,1623,1745,1904,2082,2146,2205",
                        "endColumns": "103,146,123,106,162,122,118,101,173,101,164,121,158,177,63,58,74",
                        "endOffsets": "296,443,567,674,837,960,1079,1181,1355,1457,1622,1744,1903,2081,2145,2204,2279"
                    },
                    "to": {
                        "startLines": "9,10,11,12,13,14,15,16,18,19,20,21,22,23,24,25,26",
                        "startColumns": "4,4,4,4,4,4,4,4,4,4,4,4,4,4,4,4,4",
                        "startOffsets": "789,897,1048,1176,1287,1454,1581,1704,1953,2131,2237,2406,2532,2695,2877,2945,3008",
                        "endColumns": "107,150,127,110,166,126,122,105,177,105,168,125,162,181,67,62,78",
                        "endOffsets": "892,1043,1171,1282,1449,1576,1699,1805,2126,2232,2401,2527,2690,2872,2940,3003,3082"
                    }
                },
                {
                    "source": "C:\\Users\\gonza\\.gradle\\caches\\8.12\\transforms\\62e42733fc48d7e4200114b93a9c82fb\\transformed\\core-1.13.1\\res\\values-nl\\values-nl.xml",
                    "from": {
                        "startLines": "2,3,4,5,6,7,8,9",
                        "startColumns": "4,4,4,4,4,4,4,4",
                        "startOffsets": "55,157,259,359,459,566,670,789",
                        "endColumns": "101,101,99,99,106,103,118,100",
                        "endOffsets": "152,254,354,454,561,665,784,885"
                    },
                    "to": {
                        "startLines": "2,3,4,5,6,7,8,31",
                        "startColumns": "4,4,4,4,4,4,4,4",
                        "startOffsets": "55,157,259,359,459,566,670,3501",
                        "endColumns": "101,101,99,99,106,103,118,100",
                        "endOffsets": "152,254,354,454,561,665,784,3597"
                    }
                },
                {
                    "source": "C:\\Users\\gonza\\.gradle\\caches\\8.12\\transforms\\906adeab1fc54800ccbfe1f925d79fc0\\transformed\\jetified-play-services-basement-18.3.0\\res\\values-nl\\values.xml",
                    "from": {
                        "startLines": "4",
                        "startColumns": "0",
                        "startOffsets": "195",
                        "endColumns": "138",
                        "endOffsets": "333"
                    },
                    "to": {
                        "startLines": "17",
                        "startColumns": "4",
                        "startOffsets": "1810",
                        "endColumns": "142",
                        "endOffsets": "1948"
                    }
                }
            ]
        }
    ]
}