{
    "logs": [
        {
            "outputFile": "com.calispa.bankaio.app-mergeDebugResources-29:/values-tl/values-tl.xml",
            "map": [
                {
                    "source": "C:\\Users\\gonza\\.gradle\\caches\\8.12\\transforms\\61d3d4fe2dd837d40b39785170a0ad2d\\transformed\\jetified-play-services-base-18.1.0\\res\\values-tl\\values.xml",
                    "from": {
                        "startLines": "4,5,6,7,8,9,10,11,12,13,14,15,16,17,18,19,20",
                        "startColumns": "0,0,0,0,0,0,0,0,0,0,0,0,0,0,0,0,0",
                        "startOffsets": "193,296,468,602,707,861,993,1111,1220,1395,1498,1672,1806,1964,2139,2203,2265",
                        "endColumns": "102,171,133,104,153,131,117,108,174,102,173,133,157,174,63,61,76",
                        "endOffsets": "295,467,601,706,860,992,1110,1219,1394,1497,1671,1805,1963,2138,2202,2264,2341"
                    },
                    "to": {
                        "startLines": "9,10,11,12,13,14,15,16,18,19,20,21,22,23,24,25,26",
                        "startColumns": "4,4,4,4,4,4,4,4,4,4,4,4,4,4,4,4,4",
                        "startOffsets": "789,896,1072,1210,1319,1477,1613,1735,1993,2172,2279,2457,2595,2757,2936,3004,3070",
                        "endColumns": "106,175,137,108,157,135,121,112,178,106,177,137,161,178,67,65,80",
                        "endOffsets": "891,1067,1205,1314,1472,1608,1730,1843,2167,2274,2452,2590,2752,2931,2999,3065,3146"
                    }
                },
                {
                    "source": "C:\\Users\\gonza\\.gradle\\caches\\8.12\\transforms\\906adeab1fc54800ccbfe1f925d79fc0\\transformed\\jetified-play-services-basement-18.3.0\\res\\values-tl\\values.xml",
                    "from": {
                        "startLines": "4",
                        "startColumns": "0",
                        "startOffsets": "195",
                        "endColumns": "140",
                        "endOffsets": "335"
                    },
                    "to": {
                        "startLines": "17",
                        "startColumns": "4",
                        "startOffsets": "1848",
                        "endColumns": "144",
                        "endOffsets": "1988"
                    }
                },
                {
                    "source": "C:\\Users\\gonza\\.gradle\\caches\\8.12\\transforms\\8411a046f9616658209ad8ea4a5d985f\\transformed\\browser-1.4.0\\res\\values-tl\\values-tl.xml",
                    "from": {
                        "startLines": "2,3,4,5",
                        "startColumns": "4,4,4,4",
                        "startOffsets": "55,158,263,374",
                        "endColumns": "102,104,110,104",
                        "endOffsets": "153,258,369,474"
                    },
                    "to": {
                        "startLines": "27,28,29,30",
                        "startColumns": "4,4,4,4",
                        "startOffsets": "3151,3254,3359,3470",
                        "endColumns": "102,104,110,104",
                        "endOffsets": "3249,3354,3465,3570"
                    }
                },
                {
                    "source": "C:\\Users\\gonza\\.gradle\\caches\\8.12\\transforms\\62e42733fc48d7e4200114b93a9c82fb\\transformed\\core-1.13.1\\res\\values-tl\\values-tl.xml",
                    "from": {
                        "startLines": "2,3,4,5,6,7,8,9",
                        "startColumns": "4,4,4,4,4,4,4,4",
                        "startOffsets": "55,152,254,355,452,559,667,789",
                        "endColumns": "96,101,100,96,106,107,121,100",
                        "endOffsets": "147,249,350,447,554,662,784,885"
                    },
                    "to": {
                        "startLines": "2,3,4,5,6,7,8,31",
                        "startColumns": "4,4,4,4,4,4,4,4",
                        "startOffsets": "55,152,254,355,452,559,667,3575",
                        "endColumns": "96,101,100,96,106,107,121,100",
                        "endOffsets": "147,249,350,447,554,662,784,3671"
                    }
                }
            ]
        }
    ]
}