{
    "logs": [
        {
            "outputFile": "com.calispa.bankaio.app-mergeDebugResources-29:/values-en-rXC/values-en-rXC.xml",
            "map": [
                {
                    "source": "C:\\Users\\gonza\\.gradle\\caches\\8.12\\transforms\\62e42733fc48d7e4200114b93a9c82fb\\transformed\\core-1.13.1\\res\\values-en-rXC\\values-en-rXC.xml",
                    "from": {
                        "startLines": "2,3,4,5,6,7,8,9",
                        "startColumns": "4,4,4,4,4,4,4,4",
                        "startOffsets": "55,251,456,657,858,1065,1270,1482",
                        "endColumns": "195,204,200,200,206,204,211,203",
                        "endOffsets": "246,451,652,853,1060,1265,1477,1681"
                    },
                    "to": {
                        "startLines": "2,3,4,5,6,7,8,13",
                        "startColumns": "4,4,4,4,4,4,4,4",
                        "startOffsets": "55,251,456,657,858,1065,1270,2294",
                        "endColumns": "195,204,200,200,206,204,211,203",
                        "endOffsets": "246,451,652,853,1060,1265,1477,2493"
                    }
                },
                {
                    "source": "C:\\Users\\gonza\\.gradle\\caches\\8.12\\transforms\\8411a046f9616658209ad8ea4a5d985f\\transformed\\browser-1.4.0\\res\\values-en-rXC\\values-en-rXC.xml",
                    "from": {
                        "startLines": "2,3,4,5",
                        "startColumns": "4,4,4,4",
                        "startOffsets": "55,255,454,665",
                        "endColumns": "199,198,210,201",
                        "endOffsets": "250,449,660,862"
                    },
                    "to": {
                        "startLines": "9,10,11,12",
                        "startColumns": "4,4,4,4",
                        "startOffsets": "1482,1682,1881,2092",
                        "endColumns": "199,198,210,201",
                        "endOffsets": "1677,1876,2087,2289"
                    }
                }
            ]
        }
    ]
}