{
    "logs": [
        {
            "outputFile": "com.calispa.bankaio.app-mergeDebugResources-29:/values-pt/values-pt.xml",
            "map": [
                {
                    "source": "C:\\Users\\gonza\\.gradle\\caches\\8.12\\transforms\\8411a046f9616658209ad8ea4a5d985f\\transformed\\browser-1.4.0\\res\\values-pt\\values-pt.xml",
                    "from": {
                        "startLines": "2,3,4,5",
                        "startColumns": "4,4,4,4",
                        "startOffsets": "55,170,269,381",
                        "endColumns": "114,98,111,105",
                        "endOffsets": "165,264,376,482"
                    },
                    "to": {
                        "startLines": "9,10,11,12",
                        "startColumns": "4,4,4,4",
                        "startOffsets": "790,905,1004,1116",
                        "endColumns": "114,98,111,105",
                        "endOffsets": "900,999,1111,1217"
                    }
                },
                {
                    "source": "C:\\Users\\gonza\\.gradle\\caches\\8.12\\transforms\\62e42733fc48d7e4200114b93a9c82fb\\transformed\\core-1.13.1\\res\\values-pt\\values-pt.xml",
                    "from": {
                        "startLines": "2,3,4,5,6,7,8,9",
                        "startColumns": "4,4,4,4,4,4,4,4",
                        "startOffsets": "55,152,254,353,453,560,670,790",
                        "endColumns": "96,101,98,99,106,109,119,100",
                        "endOffsets": "147,249,348,448,555,665,785,886"
                    },
                    "to": {
                        "startLines": "2,3,4,5,6,7,8,13",
                        "startColumns": "4,4,4,4,4,4,4,4",
                        "startOffsets": "55,152,254,353,453,560,670,1222",
                        "endColumns": "96,101,98,99,106,109,119,100",
                        "endOffsets": "147,249,348,448,555,665,785,1318"
                    }
                }
            ]
        }
    ]
}