{
    "logs": [
        {
            "outputFile": "com.calispa.bankaio.app-mergeDebugResources-29:/values-af/values-af.xml",
            "map": [
                {
                    "source": "C:\\Users\\gonza\\.gradle\\caches\\8.12\\transforms\\62e42733fc48d7e4200114b93a9c82fb\\transformed\\core-1.13.1\\res\\values-af\\values-af.xml",
                    "from": {
                        "startLines": "2,3,4,5,6,7,8,9",
                        "startColumns": "4,4,4,4,4,4,4,4",
                        "startOffsets": "55,153,255,353,451,558,667,787",
                        "endColumns": "97,101,97,97,106,108,119,100",
                        "endOffsets": "148,250,348,446,553,662,782,883"
                    },
                    "to": {
                        "startLines": "2,3,4,5,6,7,8,31",
                        "startColumns": "4,4,4,4,4,4,4,4",
                        "startOffsets": "55,153,255,353,451,558,667,3403",
                        "endColumns": "97,101,97,97,106,108,119,100",
                        "endOffsets": "148,250,348,446,553,662,782,3499"
                    }
                },
                {
                    "source": "C:\\Users\\gonza\\.gradle\\caches\\8.12\\transforms\\8411a046f9616658209ad8ea4a5d985f\\transformed\\browser-1.4.0\\res\\values-af\\values-af.xml",
                    "from": {
                        "startLines": "2,3,4,5",
                        "startColumns": "4,4,4,4",
                        "startOffsets": "55,160,262,375",
                        "endColumns": "104,101,112,99",
                        "endOffsets": "155,257,370,470"
                    },
                    "to": {
                        "startLines": "27,28,29,30",
                        "startColumns": "4,4,4,4",
                        "startOffsets": "2983,3088,3190,3303",
                        "endColumns": "104,101,112,99",
                        "endOffsets": "3083,3185,3298,3398"
                    }
                },
                {
                    "source": "C:\\Users\\gonza\\.gradle\\caches\\8.12\\transforms\\61d3d4fe2dd837d40b39785170a0ad2d\\transformed\\jetified-play-services-base-18.1.0\\res\\values-af\\values.xml",
                    "from": {
                        "startLines": "4,5,6,7,8,9,10,11,12,13,14,15,16,17,18,19,20",
                        "startColumns": "0,0,0,0,0,0,0,0,0,0,0,0,0,0,0,0,0",
                        "startOffsets": "193,296,448,570,676,822,940,1057,1155,1317,1421,1574,1697,1832,1982,2044,2103",
                        "endColumns": "102,151,121,105,145,117,116,97,161,103,152,122,134,149,61,58,74",
                        "endOffsets": "295,447,569,675,821,939,1056,1154,1316,1420,1573,1696,1831,1981,2043,2102,2177"
                    },
                    "to": {
                        "startLines": "9,10,11,12,13,14,15,16,18,19,20,21,22,23,24,25,26",
                        "startColumns": "4,4,4,4,4,4,4,4,4,4,4,4,4,4,4,4,4",
                        "startOffsets": "787,894,1050,1176,1286,1436,1558,1679,1924,2090,2198,2355,2482,2621,2775,2841,2904",
                        "endColumns": "106,155,125,109,149,121,120,101,165,107,156,126,138,153,65,62,78",
                        "endOffsets": "889,1045,1171,1281,1431,1553,1674,1776,2085,2193,2350,2477,2616,2770,2836,2899,2978"
                    }
                },
                {
                    "source": "C:\\Users\\gonza\\.gradle\\caches\\8.12\\transforms\\906adeab1fc54800ccbfe1f925d79fc0\\transformed\\jetified-play-services-basement-18.3.0\\res\\values-af\\values.xml",
                    "from": {
                        "startLines": "4",
                        "startColumns": "0",
                        "startOffsets": "195",
                        "endColumns": "138",
                        "endOffsets": "333"
                    },
                    "to": {
                        "startLines": "17",
                        "startColumns": "4",
                        "startOffsets": "1781",
                        "endColumns": "142",
                        "endOffsets": "1919"
                    }
                }
            ]
        }
    ]
}