{
    "logs": [
        {
            "outputFile": "com.calispa.bankaio.app-mergeDebugResources-29:/values-hy/values-hy.xml",
            "map": [
                {
                    "source": "C:\\Users\\gonza\\.gradle\\caches\\8.12\\transforms\\906adeab1fc54800ccbfe1f925d79fc0\\transformed\\jetified-play-services-basement-18.3.0\\res\\values-hy\\values.xml",
                    "from": {
                        "startLines": "4",
                        "startColumns": "0",
                        "startOffsets": "195",
                        "endColumns": "146",
                        "endOffsets": "341"
                    },
                    "to": {
                        "startLines": "17",
                        "startColumns": "4",
                        "startOffsets": "1818",
                        "endColumns": "150",
                        "endOffsets": "1964"
                    }
                },
                {
                    "source": "C:\\Users\\gonza\\.gradle\\caches\\8.12\\transforms\\62e42733fc48d7e4200114b93a9c82fb\\transformed\\core-1.13.1\\res\\values-hy\\values-hy.xml",
                    "from": {
                        "startLines": "2,3,4,5,6,7,8,9",
                        "startColumns": "4,4,4,4,4,4,4,4",
                        "startOffsets": "55,155,260,358,457,562,664,775",
                        "endColumns": "99,104,97,98,104,101,110,100",
                        "endOffsets": "150,255,353,452,557,659,770,871"
                    },
                    "to": {
                        "startLines": "2,3,4,5,6,7,8,31",
                        "startColumns": "4,4,4,4,4,4,4,4",
                        "startOffsets": "55,155,260,358,457,562,664,3511",
                        "endColumns": "99,104,97,98,104,101,110,100",
                        "endOffsets": "150,255,353,452,557,659,770,3607"
                    }
                },
                {
                    "source": "C:\\Users\\gonza\\.gradle\\caches\\8.12\\transforms\\61d3d4fe2dd837d40b39785170a0ad2d\\transformed\\jetified-play-services-base-18.1.0\\res\\values-hy\\values.xml",
                    "from": {
                        "startLines": "4,5,6,7,8,9,10,11,12,13,14,15,16,17,18,19,20",
                        "startColumns": "0,0,0,0,0,0,0,0,0,0,0,0,0,0,0,0,0",
                        "startOffsets": "193,295,456,586,690,840,972,1095,1204,1367,1471,1635,1767,1925,2087,2148,2211",
                        "endColumns": "101,160,129,103,149,131,122,108,162,103,163,131,157,161,60,62,77",
                        "endOffsets": "294,455,585,689,839,971,1094,1203,1366,1470,1634,1766,1924,2086,2147,2210,2288"
                    },
                    "to": {
                        "startLines": "9,10,11,12,13,14,15,16,18,19,20,21,22,23,24,25,26",
                        "startColumns": "4,4,4,4,4,4,4,4,4,4,4,4,4,4,4,4,4",
                        "startOffsets": "775,881,1046,1180,1288,1442,1578,1705,1969,2136,2244,2412,2548,2710,2876,2941,3008",
                        "endColumns": "105,164,133,107,153,135,126,112,166,107,167,135,161,165,64,66,81",
                        "endOffsets": "876,1041,1175,1283,1437,1573,1700,1813,2131,2239,2407,2543,2705,2871,2936,3003,3085"
                    }
                },
                {
                    "source": "C:\\Users\\gonza\\.gradle\\caches\\8.12\\transforms\\8411a046f9616658209ad8ea4a5d985f\\transformed\\browser-1.4.0\\res\\values-hy\\values-hy.xml",
                    "from": {
                        "startLines": "2,3,4,5",
                        "startColumns": "4,4,4,4",
                        "startOffsets": "55,159,262,373",
                        "endColumns": "103,102,110,102",
                        "endOffsets": "154,257,368,471"
                    },
                    "to": {
                        "startLines": "27,28,29,30",
                        "startColumns": "4,4,4,4",
                        "startOffsets": "3090,3194,3297,3408",
                        "endColumns": "103,102,110,102",
                        "endOffsets": "3189,3292,3403,3506"
                    }
                }
            ]
        }
    ]
}