{
    "logs": [
        {
            "outputFile": "com.calispa.bankaio.app-mergeDebugResources-29:/values-en-rGB/values-en-rGB.xml",
            "map": [
                {
                    "source": "C:\\Users\\gonza\\.gradle\\caches\\8.12\\transforms\\62e42733fc48d7e4200114b93a9c82fb\\transformed\\core-1.13.1\\res\\values-en-rGB\\values-en-rGB.xml",
                    "from": {
                        "startLines": "2,3,4,5,6,7,8,9",
                        "startColumns": "4,4,4,4,4,4,4,4",
                        "startOffsets": "55,151,253,352,451,555,658,774",
                        "endColumns": "95,101,98,98,103,102,115,100",
                        "endOffsets": "146,248,347,446,550,653,769,870"
                    },
                    "to": {
                        "startLines": "2,3,4,5,6,7,8,31",
                        "startColumns": "4,4,4,4,4,4,4,4",
                        "startOffsets": "55,151,253,352,451,555,658,3336",
                        "endColumns": "95,101,98,98,103,102,115,100",
                        "endOffsets": "146,248,347,446,550,653,769,3432"
                    }
                },
                {
                    "source": "C:\\Users\\gonza\\.gradle\\caches\\8.12\\transforms\\906adeab1fc54800ccbfe1f925d79fc0\\transformed\\jetified-play-services-basement-18.3.0\\res\\values-en-rGB\\values.xml",
                    "from": {
                        "startLines": "4",
                        "startColumns": "0",
                        "startOffsets": "199",
                        "endColumns": "133",
                        "endOffsets": "332"
                    },
                    "to": {
                        "startLines": "17",
                        "startColumns": "4",
                        "startOffsets": "1756",
                        "endColumns": "137",
                        "endOffsets": "1889"
                    }
                },
                {
                    "source": "C:\\Users\\gonza\\.gradle\\caches\\8.12\\transforms\\8411a046f9616658209ad8ea4a5d985f\\transformed\\browser-1.4.0\\res\\values-en-rGB\\values-en-rGB.xml",
                    "from": {
                        "startLines": "2,3,4,5",
                        "startColumns": "4,4,4,4",
                        "startOffsets": "55,153,250,359",
                        "endColumns": "97,96,108,98",
                        "endOffsets": "148,245,354,453"
                    },
                    "to": {
                        "startLines": "27,28,29,30",
                        "startColumns": "4,4,4,4",
                        "startOffsets": "2933,3031,3128,3237",
                        "endColumns": "97,96,108,98",
                        "endOffsets": "3026,3123,3232,3331"
                    }
                },
                {
                    "source": "C:\\Users\\gonza\\.gradle\\caches\\8.12\\transforms\\61d3d4fe2dd837d40b39785170a0ad2d\\transformed\\jetified-play-services-base-18.1.0\\res\\values-en-rGB\\values.xml",
                    "from": {
                        "startLines": "4,5,6,7,8,9,10,11,12,13,14,15,16,17,18,19,20",
                        "startColumns": "0,0,0,0,0,0,0,0,0,0,0,0,0,0,0,0,0",
                        "startOffsets": "197,298,446,567,670,817,936,1048,1147,1302,1403,1551,1672,1814,1958,2017,2075",
                        "endColumns": "100,147,120,102,146,118,111,98,154,100,147,120,141,143,58,57,74",
                        "endOffsets": "297,445,566,669,816,935,1047,1146,1301,1402,1550,1671,1813,1957,2016,2074,2149"
                    },
                    "to": {
                        "startLines": "9,10,11,12,13,14,15,16,18,19,20,21,22,23,24,25,26",
                        "startColumns": "4,4,4,4,4,4,4,4,4,4,4,4,4,4,4,4,4",
                        "startOffsets": "774,879,1031,1156,1263,1414,1537,1653,1894,2053,2158,2310,2435,2581,2729,2792,2854",
                        "endColumns": "104,151,124,106,150,122,115,102,158,104,151,124,145,147,62,61,78",
                        "endOffsets": "874,1026,1151,1258,1409,1532,1648,1751,2048,2153,2305,2430,2576,2724,2787,2849,2928"
                    }
                }
            ]
        }
    ]
}