{
    "logs": [
        {
            "outputFile": "com.calispa.bankaio.app-mergeDebugResources-29:/values-uk/values-uk.xml",
            "map": [
                {
                    "source": "C:\\Users\\gonza\\.gradle\\caches\\8.12\\transforms\\61d3d4fe2dd837d40b39785170a0ad2d\\transformed\\jetified-play-services-base-18.1.0\\res\\values-uk\\values.xml",
                    "from": {
                        "startLines": "4,5,6,7,8,9,10,11,12,13,14,15,16,17,18,19,20",
                        "startColumns": "0,0,0,0,0,0,0,0,0,0,0,0,0,0,0,0,0",
                        "startOffsets": "193,297,456,579,685,835,960,1071,1172,1336,1438,1596,1717,1860,1998,2064,2121",
                        "endColumns": "103,158,122,105,149,124,110,100,163,101,157,120,142,137,65,56,83",
                        "endOffsets": "296,455,578,684,834,959,1070,1171,1335,1437,1595,1716,1859,1997,2063,2120,2204"
                    },
                    "to": {
                        "startLines": "9,10,11,12,13,14,15,16,18,19,20,21,22,23,24,25,26",
                        "startColumns": "4,4,4,4,4,4,4,4,4,4,4,4,4,4,4,4,4",
                        "startOffsets": "782,890,1053,1180,1290,1444,1573,1688,1939,2107,2213,2375,2500,2647,2789,2859,2920",
                        "endColumns": "107,162,126,109,153,128,114,104,167,105,161,124,146,141,69,60,87",
                        "endOffsets": "885,1048,1175,1285,1439,1568,1683,1788,2102,2208,2370,2495,2642,2784,2854,2915,3003"
                    }
                },
                {
                    "source": "C:\\Users\\gonza\\.gradle\\caches\\8.12\\transforms\\62e42733fc48d7e4200114b93a9c82fb\\transformed\\core-1.13.1\\res\\values-uk\\values-uk.xml",
                    "from": {
                        "startLines": "2,3,4,5,6,7,8,9",
                        "startColumns": "4,4,4,4,4,4,4,4",
                        "startOffsets": "55,155,257,358,459,564,669,782",
                        "endColumns": "99,101,100,100,104,104,112,100",
                        "endOffsets": "150,252,353,454,559,664,777,878"
                    },
                    "to": {
                        "startLines": "2,3,4,5,6,7,8,31",
                        "startColumns": "4,4,4,4,4,4,4,4",
                        "startOffsets": "55,155,257,358,459,564,669,3453",
                        "endColumns": "99,101,100,100,104,104,112,100",
                        "endOffsets": "150,252,353,454,559,664,777,3549"
                    }
                },
                {
                    "source": "C:\\Users\\gonza\\.gradle\\caches\\8.12\\transforms\\906adeab1fc54800ccbfe1f925d79fc0\\transformed\\jetified-play-services-basement-18.3.0\\res\\values-uk\\values.xml",
                    "from": {
                        "startLines": "4",
                        "startColumns": "0",
                        "startOffsets": "195",
                        "endColumns": "141",
                        "endOffsets": "336"
                    },
                    "to": {
                        "startLines": "17",
                        "startColumns": "4",
                        "startOffsets": "1793",
                        "endColumns": "145",
                        "endOffsets": "1934"
                    }
                },
                {
                    "source": "C:\\Users\\gonza\\.gradle\\caches\\8.12\\transforms\\8411a046f9616658209ad8ea4a5d985f\\transformed\\browser-1.4.0\\res\\values-uk\\values-uk.xml",
                    "from": {
                        "startLines": "2,3,4,5",
                        "startColumns": "4,4,4,4",
                        "startOffsets": "55,165,272,392",
                        "endColumns": "109,106,119,107",
                        "endOffsets": "160,267,387,495"
                    },
                    "to": {
                        "startLines": "27,28,29,30",
                        "startColumns": "4,4,4,4",
                        "startOffsets": "3008,3118,3225,3345",
                        "endColumns": "109,106,119,107",
                        "endOffsets": "3113,3220,3340,3448"
                    }
                }
            ]
        }
    ]
}