{
    "logs": [
        {
            "outputFile": "com.calispa.bankaio.app-mergeDebugResources-29:/values-mn/values-mn.xml",
            "map": [
                {
                    "source": "C:\\Users\\gonza\\.gradle\\caches\\8.12\\transforms\\61d3d4fe2dd837d40b39785170a0ad2d\\transformed\\jetified-play-services-base-18.1.0\\res\\values-mn\\values.xml",
                    "from": {
                        "startLines": "4,5,6,7,8,9,10,11,12,13,14,15,16,17,18,19,20",
                        "startColumns": "0,0,0,0,0,0,0,0,0,0,0,0,0,0,0,0,0",
                        "startOffsets": "193,299,452,580,683,816,938,1063,1169,1309,1412,1576,1701,1838,2002,2059,2117",
                        "endColumns": "105,152,127,102,132,121,124,105,139,102,163,124,136,163,56,57,72",
                        "endOffsets": "298,451,579,682,815,937,1062,1168,1308,1411,1575,1700,1837,2001,2058,2116,2189"
                    },
                    "to": {
                        "startLines": "9,10,11,12,13,14,15,16,18,19,20,21,22,23,24,25,26",
                        "startColumns": "4,4,4,4,4,4,4,4,4,4,4,4,4,4,4,4,4",
                        "startOffsets": "790,900,1057,1189,1296,1433,1559,1688,1948,2092,2199,2367,2496,2637,2805,2866,2928",
                        "endColumns": "109,156,131,106,136,125,128,109,143,106,167,128,140,167,60,61,76",
                        "endOffsets": "895,1052,1184,1291,1428,1554,1683,1793,2087,2194,2362,2491,2632,2800,2861,2923,3000"
                    }
                },
                {
                    "source": "C:\\Users\\gonza\\.gradle\\caches\\8.12\\transforms\\8411a046f9616658209ad8ea4a5d985f\\transformed\\browser-1.4.0\\res\\values-mn\\values-mn.xml",
                    "from": {
                        "startLines": "2,3,4,5",
                        "startColumns": "4,4,4,4",
                        "startOffsets": "55,160,264,369",
                        "endColumns": "104,103,104,107",
                        "endOffsets": "155,259,364,472"
                    },
                    "to": {
                        "startLines": "27,28,29,30",
                        "startColumns": "4,4,4,4",
                        "startOffsets": "3005,3110,3214,3319",
                        "endColumns": "104,103,104,107",
                        "endOffsets": "3105,3209,3314,3422"
                    }
                },
                {
                    "source": "C:\\Users\\gonza\\.gradle\\caches\\8.12\\transforms\\62e42733fc48d7e4200114b93a9c82fb\\transformed\\core-1.13.1\\res\\values-mn\\values-mn.xml",
                    "from": {
                        "startLines": "2,3,4,5,6,7,8,9",
                        "startColumns": "4,4,4,4,4,4,4,4",
                        "startOffsets": "55,153,255,356,454,559,671,790",
                        "endColumns": "97,101,100,97,104,111,118,100",
                        "endOffsets": "148,250,351,449,554,666,785,886"
                    },
                    "to": {
                        "startLines": "2,3,4,5,6,7,8,31",
                        "startColumns": "4,4,4,4,4,4,4,4",
                        "startOffsets": "55,153,255,356,454,559,671,3427",
                        "endColumns": "97,101,100,97,104,111,118,100",
                        "endOffsets": "148,250,351,449,554,666,785,3523"
                    }
                },
                {
                    "source": "C:\\Users\\gonza\\.gradle\\caches\\8.12\\transforms\\906adeab1fc54800ccbfe1f925d79fc0\\transformed\\jetified-play-services-basement-18.3.0\\res\\values-mn\\values.xml",
                    "from": {
                        "startLines": "4",
                        "startColumns": "0",
                        "startOffsets": "195",
                        "endColumns": "145",
                        "endOffsets": "340"
                    },
                    "to": {
                        "startLines": "17",
                        "startColumns": "4",
                        "startOffsets": "1798",
                        "endColumns": "149",
                        "endOffsets": "1943"
                    }
                }
            ]
        }
    ]
}