{
    "logs": [
        {
            "outputFile": "com.calispa.bankaio.app-mergeDebugResources-29:/values-km/values-km.xml",
            "map": [
                {
                    "source": "C:\\Users\\gonza\\.gradle\\caches\\8.12\\transforms\\61d3d4fe2dd837d40b39785170a0ad2d\\transformed\\jetified-play-services-base-18.1.0\\res\\values-km\\values.xml",
                    "from": {
                        "startLines": "4,5,6,7,8,9,10,11,12,13,14,15,16,17,18,19,20",
                        "startColumns": "0,0,0,0,0,0,0,0,0,0,0,0,0,0,0,0,0",
                        "startOffsets": "193,291,442,559,660,818,938,1055,1160,1314,1427,1594,1715,1856,2010,2070,2124",
                        "endColumns": "97,150,116,100,157,119,116,104,153,112,166,120,140,153,59,53,72",
                        "endOffsets": "290,441,558,659,817,937,1054,1159,1313,1426,1593,1714,1855,2009,2069,2123,2196"
                    },
                    "to": {
                        "startLines": "9,10,11,12,13,14,15,16,18,19,20,21,22,23,24,25,26",
                        "startColumns": "4,4,4,4,4,4,4,4,4,4,4,4,4,4,4,4,4",
                        "startOffsets": "776,878,1033,1154,1259,1421,1545,1666,1924,2082,2199,2370,2495,2640,2798,2862,2920",
                        "endColumns": "101,154,120,104,161,123,120,108,157,116,170,124,144,157,63,57,76",
                        "endOffsets": "873,1028,1149,1254,1416,1540,1661,1770,2077,2194,2365,2490,2635,2793,2857,2915,2992"
                    }
                },
                {
                    "source": "C:\\Users\\gonza\\.gradle\\caches\\8.12\\transforms\\8411a046f9616658209ad8ea4a5d985f\\transformed\\browser-1.4.0\\res\\values-km\\values-km.xml",
                    "from": {
                        "startLines": "2,3,4,5",
                        "startColumns": "4,4,4,4",
                        "startOffsets": "55,152,249,382",
                        "endColumns": "96,96,132,99",
                        "endOffsets": "147,244,377,477"
                    },
                    "to": {
                        "startLines": "27,28,29,30",
                        "startColumns": "4,4,4,4",
                        "startOffsets": "2997,3094,3191,3324",
                        "endColumns": "96,96,132,99",
                        "endOffsets": "3089,3186,3319,3419"
                    }
                },
                {
                    "source": "C:\\Users\\gonza\\.gradle\\caches\\8.12\\transforms\\62e42733fc48d7e4200114b93a9c82fb\\transformed\\core-1.13.1\\res\\values-km\\values-km.xml",
                    "from": {
                        "startLines": "2,3,4,5,6,7,8,9",
                        "startColumns": "4,4,4,4,4,4,4,4",
                        "startOffsets": "55,150,253,351,451,552,664,776",
                        "endColumns": "94,102,97,99,100,111,111,100",
                        "endOffsets": "145,248,346,446,547,659,771,872"
                    },
                    "to": {
                        "startLines": "2,3,4,5,6,7,8,31",
                        "startColumns": "4,4,4,4,4,4,4,4",
                        "startOffsets": "55,150,253,351,451,552,664,3424",
                        "endColumns": "94,102,97,99,100,111,111,100",
                        "endOffsets": "145,248,346,446,547,659,771,3520"
                    }
                },
                {
                    "source": "C:\\Users\\gonza\\.gradle\\caches\\8.12\\transforms\\906adeab1fc54800ccbfe1f925d79fc0\\transformed\\jetified-play-services-basement-18.3.0\\res\\values-km\\values.xml",
                    "from": {
                        "startLines": "4",
                        "startColumns": "0",
                        "startOffsets": "195",
                        "endColumns": "144",
                        "endOffsets": "339"
                    },
                    "to": {
                        "startLines": "17",
                        "startColumns": "4",
                        "startOffsets": "1775",
                        "endColumns": "148",
                        "endOffsets": "1919"
                    }
                }
            ]
        }
    ]
}