{
    "logs": [
        {
            "outputFile": "com.calispa.bankaio.app-mergeDebugResources-29:/values-fa/values-fa.xml",
            "map": [
                {
                    "source": "C:\\Users\\gonza\\.gradle\\caches\\8.12\\transforms\\61d3d4fe2dd837d40b39785170a0ad2d\\transformed\\jetified-play-services-base-18.1.0\\res\\values-fa\\values.xml",
                    "from": {
                        "startLines": "4,5,6,7,8,9,10,11,12,13,14,15,16,17,18,19,20",
                        "startColumns": "0,0,0,0,0,0,0,0,0,0,0,0,0,0,0,0,0",
                        "startOffsets": "193,297,450,575,674,810,932,1042,1140,1289,1395,1561,1688,1837,1989,2051,2115",
                        "endColumns": "103,152,124,98,135,121,109,97,148,105,165,126,148,151,61,63,80",
                        "endOffsets": "296,449,574,673,809,931,1041,1139,1288,1394,1560,1687,1836,1988,2050,2114,2195"
                    },
                    "to": {
                        "startLines": "9,10,11,12,13,14,15,16,18,19,20,21,22,23,24,25,26",
                        "startColumns": "4,4,4,4,4,4,4,4,4,4,4,4,4,4,4,4,4",
                        "startOffsets": "779,887,1044,1173,1276,1416,1542,1656,1913,2066,2176,2346,2477,2630,2786,2852,2920",
                        "endColumns": "107,156,128,102,139,125,113,101,152,109,169,130,152,155,65,67,84",
                        "endOffsets": "882,1039,1168,1271,1411,1537,1651,1753,2061,2171,2341,2472,2625,2781,2847,2915,3000"
                    }
                },
                {
                    "source": "C:\\Users\\gonza\\.gradle\\caches\\8.12\\transforms\\8411a046f9616658209ad8ea4a5d985f\\transformed\\browser-1.4.0\\res\\values-fa\\values-fa.xml",
                    "from": {
                        "startLines": "2,3,4,5",
                        "startColumns": "4,4,4,4",
                        "startOffsets": "55,154,251,362",
                        "endColumns": "98,96,110,102",
                        "endOffsets": "149,246,357,460"
                    },
                    "to": {
                        "startLines": "27,28,29,30",
                        "startColumns": "4,4,4,4",
                        "startOffsets": "3005,3104,3201,3312",
                        "endColumns": "98,96,110,102",
                        "endOffsets": "3099,3196,3307,3410"
                    }
                },
                {
                    "source": "C:\\Users\\gonza\\.gradle\\caches\\8.12\\transforms\\62e42733fc48d7e4200114b93a9c82fb\\transformed\\core-1.13.1\\res\\values-fa\\values-fa.xml",
                    "from": {
                        "startLines": "2,3,4,5,6,7,8,9",
                        "startColumns": "4,4,4,4,4,4,4,4",
                        "startOffsets": "55,154,256,355,455,556,662,779",
                        "endColumns": "98,101,98,99,100,105,116,100",
                        "endOffsets": "149,251,350,450,551,657,774,875"
                    },
                    "to": {
                        "startLines": "2,3,4,5,6,7,8,31",
                        "startColumns": "4,4,4,4,4,4,4,4",
                        "startOffsets": "55,154,256,355,455,556,662,3415",
                        "endColumns": "98,101,98,99,100,105,116,100",
                        "endOffsets": "149,251,350,450,551,657,774,3511"
                    }
                },
                {
                    "source": "C:\\Users\\gonza\\.gradle\\caches\\8.12\\transforms\\906adeab1fc54800ccbfe1f925d79fc0\\transformed\\jetified-play-services-basement-18.3.0\\res\\values-fa\\values.xml",
                    "from": {
                        "startLines": "4",
                        "startColumns": "0",
                        "startOffsets": "195",
                        "endColumns": "150",
                        "endOffsets": "345"
                    },
                    "to": {
                        "startLines": "17",
                        "startColumns": "4",
                        "startOffsets": "1758",
                        "endColumns": "154",
                        "endOffsets": "1908"
                    }
                }
            ]
        }
    ]
}