{
    "logs": [
        {
            "outputFile": "com.calispa.bankaio.app-mergeDebugResources-29:/values-v21/values-v21.xml",
            "map": [
                {
                    "source": "C:\\Users\\gonza\\.gradle\\caches\\8.12\\transforms\\62e42733fc48d7e4200114b93a9c82fb\\transformed\\core-1.13.1\\res\\values-v21\\values-v21.xml",
                    "from": {
                        "startLines": "2,3,4,5,6,7,8,9,10,13",
                        "startColumns": "4,4,4,4,4,4,4,4,4,4",
                        "startOffsets": "55,173,237,304,368,484,610,736,864,1036",
                        "endLines": "2,3,4,5,6,7,8,9,12,17",
                        "endColumns": "117,63,66,63,115,125,125,127,12,12",
                        "endOffsets": "168,232,299,363,479,605,731,859,1031,1383"
                    }
                }
            ]
        }
    ]
}