{
    "logs": [
        {
            "outputFile": "com.calispa.bankaio.app-mergeDebugResources-29:/values-lv/values-lv.xml",
            "map": [
                {
                    "source": "C:\\Users\\gonza\\.gradle\\caches\\8.12\\transforms\\61d3d4fe2dd837d40b39785170a0ad2d\\transformed\\jetified-play-services-base-18.1.0\\res\\values-lv\\values.xml",
                    "from": {
                        "startLines": "4,5,6,7,8,9,10,11,12,13,14,15,16,17,18,19,20",
                        "startColumns": "0,0,0,0,0,0,0,0,0,0,0,0,0,0,0,0,0",
                        "startOffsets": "193,296,453,582,686,824,951,1064,1166,1337,1442,1607,1738,1903,2054,2114,2178",
                        "endColumns": "102,156,128,103,137,126,112,101,170,104,164,130,164,150,59,63,84",
                        "endOffsets": "295,452,581,685,823,950,1063,1165,1336,1441,1606,1737,1902,2053,2113,2177,2262"
                    },
                    "to": {
                        "startLines": "9,10,11,12,13,14,15,16,18,19,20,21,22,23,24,25,26",
                        "startColumns": "4,4,4,4,4,4,4,4,4,4,4,4,4,4,4,4,4",
                        "startOffsets": "786,893,1054,1187,1295,1437,1568,1685,1957,2132,2241,2410,2545,2714,2869,2933,3001",
                        "endColumns": "106,160,132,107,141,130,116,105,174,108,168,134,168,154,63,67,88",
                        "endOffsets": "888,1049,1182,1290,1432,1563,1680,1786,2127,2236,2405,2540,2709,2864,2928,2996,3085"
                    }
                },
                {
                    "source": "C:\\Users\\gonza\\.gradle\\caches\\8.12\\transforms\\62e42733fc48d7e4200114b93a9c82fb\\transformed\\core-1.13.1\\res\\values-lv\\values-lv.xml",
                    "from": {
                        "startLines": "2,3,4,5,6,7,8,9",
                        "startColumns": "4,4,4,4,4,4,4,4",
                        "startOffsets": "55,153,255,355,456,563,671,786",
                        "endColumns": "97,101,99,100,106,107,114,100",
                        "endOffsets": "148,250,350,451,558,666,781,882"
                    },
                    "to": {
                        "startLines": "2,3,4,5,6,7,8,31",
                        "startColumns": "4,4,4,4,4,4,4,4",
                        "startOffsets": "55,153,255,355,456,563,671,3510",
                        "endColumns": "97,101,99,100,106,107,114,100",
                        "endOffsets": "148,250,350,451,558,666,781,3606"
                    }
                },
                {
                    "source": "C:\\Users\\gonza\\.gradle\\caches\\8.12\\transforms\\8411a046f9616658209ad8ea4a5d985f\\transformed\\browser-1.4.0\\res\\values-lv\\values-lv.xml",
                    "from": {
                        "startLines": "2,3,4,5",
                        "startColumns": "4,4,4,4",
                        "startOffsets": "55,158,257,373",
                        "endColumns": "102,98,115,101",
                        "endOffsets": "153,252,368,470"
                    },
                    "to": {
                        "startLines": "27,28,29,30",
                        "startColumns": "4,4,4,4",
                        "startOffsets": "3090,3193,3292,3408",
                        "endColumns": "102,98,115,101",
                        "endOffsets": "3188,3287,3403,3505"
                    }
                },
                {
                    "source": "C:\\Users\\gonza\\.gradle\\caches\\8.12\\transforms\\906adeab1fc54800ccbfe1f925d79fc0\\transformed\\jetified-play-services-basement-18.3.0\\res\\values-lv\\values.xml",
                    "from": {
                        "startLines": "4",
                        "startColumns": "0",
                        "startOffsets": "195",
                        "endColumns": "161",
                        "endOffsets": "356"
                    },
                    "to": {
                        "startLines": "17",
                        "startColumns": "4",
                        "startOffsets": "1791",
                        "endColumns": "165",
                        "endOffsets": "1952"
                    }
                }
            ]
        }
    ]
}