{
    "logs": [
        {
            "outputFile": "com.calispa.bankaio.app-mergeDebugResources-29:/values-ta/values-ta.xml",
            "map": [
                {
                    "source": "C:\\Users\\gonza\\.gradle\\caches\\8.12\\transforms\\62e42733fc48d7e4200114b93a9c82fb\\transformed\\core-1.13.1\\res\\values-ta\\values-ta.xml",
                    "from": {
                        "startLines": "2,3,4,5,6,7,8,9",
                        "startColumns": "4,4,4,4,4,4,4,4",
                        "startOffsets": "55,151,254,353,451,558,673,801",
                        "endColumns": "95,102,98,97,106,114,127,100",
                        "endOffsets": "146,249,348,446,553,668,796,897"
                    },
                    "to": {
                        "startLines": "2,3,4,5,6,7,8,31",
                        "startColumns": "4,4,4,4,4,4,4,4",
                        "startOffsets": "55,151,254,353,451,558,673,3467",
                        "endColumns": "95,102,98,97,106,114,127,100",
                        "endOffsets": "146,249,348,446,553,668,796,3563"
                    }
                },
                {
                    "source": "C:\\Users\\gonza\\.gradle\\caches\\8.12\\transforms\\8411a046f9616658209ad8ea4a5d985f\\transformed\\browser-1.4.0\\res\\values-ta\\values-ta.xml",
                    "from": {
                        "startLines": "2,3,4,5",
                        "startColumns": "4,4,4,4",
                        "startOffsets": "55,172,274,381",
                        "endColumns": "116,101,106,103",
                        "endOffsets": "167,269,376,480"
                    },
                    "to": {
                        "startLines": "27,28,29,30",
                        "startColumns": "4,4,4,4",
                        "startOffsets": "3037,3154,3256,3363",
                        "endColumns": "116,101,106,103",
                        "endOffsets": "3149,3251,3358,3462"
                    }
                },
                {
                    "source": "C:\\Users\\gonza\\.gradle\\caches\\8.12\\transforms\\61d3d4fe2dd837d40b39785170a0ad2d\\transformed\\jetified-play-services-base-18.1.0\\res\\values-ta\\values.xml",
                    "from": {
                        "startLines": "4,5,6,7,8,9,10,11,12,13,14,15,16,17,18,19,20",
                        "startColumns": "0,0,0,0,0,0,0,0,0,0,0,0,0,0,0,0,0",
                        "startOffsets": "193,294,442,565,667,815,939,1048,1145,1321,1424,1573,1704,1854,2006,2064,2123",
                        "endColumns": "100,147,122,101,147,123,108,96,175,102,148,130,149,151,57,58,76",
                        "endOffsets": "293,441,564,666,814,938,1047,1144,1320,1423,1572,1703,1853,2005,2063,2122,2199"
                    },
                    "to": {
                        "startLines": "9,10,11,12,13,14,15,16,18,19,20,21,22,23,24,25,26",
                        "startColumns": "4,4,4,4,4,4,4,4,4,4,4,4,4,4,4,4,4",
                        "startOffsets": "801,906,1058,1185,1291,1443,1571,1684,1946,2126,2233,2386,2521,2675,2831,2893,2956",
                        "endColumns": "104,151,126,105,151,127,112,100,179,106,152,134,153,155,61,62,80",
                        "endOffsets": "901,1053,1180,1286,1438,1566,1679,1780,2121,2228,2381,2516,2670,2826,2888,2951,3032"
                    }
                },
                {
                    "source": "C:\\Users\\gonza\\.gradle\\caches\\8.12\\transforms\\906adeab1fc54800ccbfe1f925d79fc0\\transformed\\jetified-play-services-basement-18.3.0\\res\\values-ta\\values.xml",
                    "from": {
                        "startLines": "4",
                        "startColumns": "0",
                        "startOffsets": "195",
                        "endColumns": "156",
                        "endOffsets": "351"
                    },
                    "to": {
                        "startLines": "17",
                        "startColumns": "4",
                        "startOffsets": "1785",
                        "endColumns": "160",
                        "endOffsets": "1941"
                    }
                }
            ]
        }
    ]
}