{
    "logs": [
        {
            "outputFile": "com.calispa.bankaio.app-mergeDebugResources-29:/values-zh-rTW/values-zh-rTW.xml",
            "map": [
                {
                    "source": "C:\\Users\\gonza\\.gradle\\caches\\8.12\\transforms\\62e42733fc48d7e4200114b93a9c82fb\\transformed\\core-1.13.1\\res\\values-zh-rTW\\values-zh-rTW.xml",
                    "from": {
                        "startLines": "2,3,4,5,6,7,8,9",
                        "startColumns": "4,4,4,4,4,4,4,4",
                        "startOffsets": "55,147,246,340,434,527,620,716",
                        "endColumns": "91,98,93,93,92,92,95,100",
                        "endOffsets": "142,241,335,429,522,615,711,812"
                    },
                    "to": {
                        "startLines": "2,3,4,5,6,7,8,31",
                        "startColumns": "4,4,4,4,4,4,4,4",
                        "startOffsets": "55,147,246,340,434,527,620,2905",
                        "endColumns": "91,98,93,93,92,92,95,100",
                        "endOffsets": "142,241,335,429,522,615,711,3001"
                    }
                },
                {
                    "source": "C:\\Users\\gonza\\.gradle\\caches\\8.12\\transforms\\906adeab1fc54800ccbfe1f925d79fc0\\transformed\\jetified-play-services-basement-18.3.0\\res\\values-zh-rTW\\values.xml",
                    "from": {
                        "startLines": "4",
                        "startColumns": "0",
                        "startOffsets": "199",
                        "endColumns": "98",
                        "endOffsets": "297"
                    },
                    "to": {
                        "startLines": "17",
                        "startColumns": "4",
                        "startOffsets": "1580",
                        "endColumns": "102",
                        "endOffsets": "1678"
                    }
                },
                {
                    "source": "C:\\Users\\gonza\\.gradle\\caches\\8.12\\transforms\\8411a046f9616658209ad8ea4a5d985f\\transformed\\browser-1.4.0\\res\\values-zh-rTW\\values-zh-rTW.xml",
                    "from": {
                        "startLines": "2,3,4,5",
                        "startColumns": "4,4,4,4",
                        "startOffsets": "55,139,231,332",
                        "endColumns": "83,91,100,92",
                        "endOffsets": "134,226,327,420"
                    },
                    "to": {
                        "startLines": "27,28,29,30",
                        "startColumns": "4,4,4,4",
                        "startOffsets": "2535,2619,2711,2812",
                        "endColumns": "83,91,100,92",
                        "endOffsets": "2614,2706,2807,2900"
                    }
                },
                {
                    "source": "C:\\Users\\gonza\\.gradle\\caches\\8.12\\transforms\\61d3d4fe2dd837d40b39785170a0ad2d\\transformed\\jetified-play-services-base-18.1.0\\res\\values-zh-rTW\\values.xml",
                    "from": {
                        "startLines": "4,5,6,7,8,9,10,11,12,13,14,15,16,17,18,19,20",
                        "startColumns": "0,0,0,0,0,0,0,0,0,0,0,0,0,0,0,0,0",
                        "startOffsets": "197,294,418,529,627,730,842,938,1029,1135,1232,1357,1468,1566,1670,1722,1775",
                        "endColumns": "96,123,110,97,102,111,95,90,105,96,124,110,97,103,51,52,69",
                        "endOffsets": "293,417,528,626,729,841,937,1028,1134,1231,1356,1467,1565,1669,1721,1774,1844"
                    },
                    "to": {
                        "startLines": "9,10,11,12,13,14,15,16,18,19,20,21,22,23,24,25,26",
                        "startColumns": "4,4,4,4,4,4,4,4,4,4,4,4,4,4,4,4,4",
                        "startOffsets": "716,817,945,1060,1162,1269,1385,1485,1683,1793,1894,2023,2138,2240,2348,2404,2461",
                        "endColumns": "100,127,114,101,106,115,99,94,109,100,128,114,101,107,55,56,73",
                        "endOffsets": "812,940,1055,1157,1264,1380,1480,1575,1788,1889,2018,2133,2235,2343,2399,2456,2530"
                    }
                }
            ]
        }
    ]
}