{
    "logs": [
        {
            "outputFile": "com.calispa.bankaio.app-mergeDebugResources-29:/values-ka/values-ka.xml",
            "map": [
                {
                    "source": "C:\\Users\\gonza\\.gradle\\caches\\8.12\\transforms\\906adeab1fc54800ccbfe1f925d79fc0\\transformed\\jetified-play-services-basement-18.3.0\\res\\values-ka\\values.xml",
                    "from": {
                        "startLines": "4",
                        "startColumns": "0",
                        "startOffsets": "195",
                        "endColumns": "138",
                        "endOffsets": "333"
                    },
                    "to": {
                        "startLines": "17",
                        "startColumns": "4",
                        "startOffsets": "1789",
                        "endColumns": "142",
                        "endOffsets": "1927"
                    }
                },
                {
                    "source": "C:\\Users\\gonza\\.gradle\\caches\\8.12\\transforms\\62e42733fc48d7e4200114b93a9c82fb\\transformed\\core-1.13.1\\res\\values-ka\\values-ka.xml",
                    "from": {
                        "startLines": "2,3,4,5,6,7,8,9",
                        "startColumns": "4,4,4,4,4,4,4,4",
                        "startOffsets": "55,151,253,352,451,557,661,779",
                        "endColumns": "95,101,98,98,105,103,117,100",
                        "endOffsets": "146,248,347,446,552,656,774,875"
                    },
                    "to": {
                        "startLines": "2,3,4,5,6,7,8,31",
                        "startColumns": "4,4,4,4,4,4,4,4",
                        "startOffsets": "55,151,253,352,451,557,661,3423",
                        "endColumns": "95,101,98,98,105,103,117,100",
                        "endOffsets": "146,248,347,446,552,656,774,3519"
                    }
                },
                {
                    "source": "C:\\Users\\gonza\\.gradle\\caches\\8.12\\transforms\\61d3d4fe2dd837d40b39785170a0ad2d\\transformed\\jetified-play-services-base-18.1.0\\res\\values-ka\\values.xml",
                    "from": {
                        "startLines": "4,5,6,7,8,9,10,11,12,13,14,15,16,17,18,19,20",
                        "startColumns": "0,0,0,0,0,0,0,0,0,0,0,0,0,0,0,0,0",
                        "startOffsets": "193,294,439,563,669,819,949,1067,1171,1340,1444,1595,1719,1876,2011,2073,2130",
                        "endColumns": "100,144,123,105,149,129,117,103,168,103,150,123,156,134,61,56,71",
                        "endOffsets": "293,438,562,668,818,948,1066,1170,1339,1443,1594,1718,1875,2010,2072,2129,2201"
                    },
                    "to": {
                        "startLines": "9,10,11,12,13,14,15,16,18,19,20,21,22,23,24,25,26",
                        "startColumns": "4,4,4,4,4,4,4,4,4,4,4,4,4,4,4,4,4",
                        "startOffsets": "779,884,1033,1161,1271,1425,1559,1681,1932,2105,2213,2368,2496,2657,2796,2862,2923",
                        "endColumns": "104,148,127,109,153,133,121,107,172,107,154,127,160,138,65,60,75",
                        "endOffsets": "879,1028,1156,1266,1420,1554,1676,1784,2100,2208,2363,2491,2652,2791,2857,2918,2994"
                    }
                },
                {
                    "source": "C:\\Users\\gonza\\.gradle\\caches\\8.12\\transforms\\8411a046f9616658209ad8ea4a5d985f\\transformed\\browser-1.4.0\\res\\values-ka\\values-ka.xml",
                    "from": {
                        "startLines": "2,3,4,5",
                        "startColumns": "4,4,4,4",
                        "startOffsets": "55,161,264,374",
                        "endColumns": "105,102,109,104",
                        "endOffsets": "156,259,369,474"
                    },
                    "to": {
                        "startLines": "27,28,29,30",
                        "startColumns": "4,4,4,4",
                        "startOffsets": "2999,3105,3208,3318",
                        "endColumns": "105,102,109,104",
                        "endOffsets": "3100,3203,3313,3418"
                    }
                }
            ]
        }
    ]
}