{
    "logs": [
        {
            "outputFile": "com.calispa.bankaio.app-mergeDebugResources-29:/values-ky/values-ky.xml",
            "map": [
                {
                    "source": "C:\\Users\\gonza\\.gradle\\caches\\8.12\\transforms\\62e42733fc48d7e4200114b93a9c82fb\\transformed\\core-1.13.1\\res\\values-ky\\values-ky.xml",
                    "from": {
                        "startLines": "2,3,4,5,6,7,8,9",
                        "startColumns": "4,4,4,4,4,4,4,4",
                        "startOffsets": "55,155,257,360,467,571,675,786",
                        "endColumns": "99,101,102,106,103,103,110,100",
                        "endOffsets": "150,252,355,462,566,670,781,882"
                    },
                    "to": {
                        "startLines": "2,3,4,5,6,7,8,31",
                        "startColumns": "4,4,4,4,4,4,4,4",
                        "startOffsets": "55,155,257,360,467,571,675,3409",
                        "endColumns": "99,101,102,106,103,103,110,100",
                        "endOffsets": "150,252,355,462,566,670,781,3505"
                    }
                },
                {
                    "source": "C:\\Users\\gonza\\.gradle\\caches\\8.12\\transforms\\906adeab1fc54800ccbfe1f925d79fc0\\transformed\\jetified-play-services-basement-18.3.0\\res\\values-ky\\values.xml",
                    "from": {
                        "startLines": "4",
                        "startColumns": "0",
                        "startOffsets": "195",
                        "endColumns": "153",
                        "endOffsets": "348"
                    },
                    "to": {
                        "startLines": "17",
                        "startColumns": "4",
                        "startOffsets": "1773",
                        "endColumns": "157",
                        "endOffsets": "1926"
                    }
                },
                {
                    "source": "C:\\Users\\gonza\\.gradle\\caches\\8.12\\transforms\\61d3d4fe2dd837d40b39785170a0ad2d\\transformed\\jetified-play-services-base-18.1.0\\res\\values-ky\\values.xml",
                    "from": {
                        "startLines": "4,5,6,7,8,9,10,11,12,13,14,15,16,17,18,19,20",
                        "startColumns": "0,0,0,0,0,0,0,0,0,0,0,0,0,0,0,0,0",
                        "startOffsets": "193,295,440,565,668,809,932,1043,1148,1313,1416,1562,1688,1821,1981,2041,2097",
                        "endColumns": "101,144,124,102,140,122,110,104,164,102,145,125,132,159,59,55,73",
                        "endOffsets": "294,439,564,667,808,931,1042,1147,1312,1415,1561,1687,1820,1980,2040,2096,2170"
                    },
                    "to": {
                        "startLines": "9,10,11,12,13,14,15,16,18,19,20,21,22,23,24,25,26",
                        "startColumns": "4,4,4,4,4,4,4,4,4,4,4,4,4,4,4,4,4",
                        "startOffsets": "786,892,1041,1170,1277,1422,1549,1664,1931,2100,2207,2357,2487,2624,2788,2852,2912",
                        "endColumns": "105,148,128,106,144,126,114,108,168,106,149,129,136,163,63,59,77",
                        "endOffsets": "887,1036,1165,1272,1417,1544,1659,1768,2095,2202,2352,2482,2619,2783,2847,2907,2985"
                    }
                },
                {
                    "source": "C:\\Users\\gonza\\.gradle\\caches\\8.12\\transforms\\8411a046f9616658209ad8ea4a5d985f\\transformed\\browser-1.4.0\\res\\values-ky\\values-ky.xml",
                    "from": {
                        "startLines": "2,3,4,5",
                        "startColumns": "4,4,4,4",
                        "startOffsets": "55,154,259,368",
                        "endColumns": "98,104,108,105",
                        "endOffsets": "149,254,363,469"
                    },
                    "to": {
                        "startLines": "27,28,29,30",
                        "startColumns": "4,4,4,4",
                        "startOffsets": "2990,3089,3194,3303",
                        "endColumns": "98,104,108,105",
                        "endOffsets": "3084,3189,3298,3404"
                    }
                }
            ]
        }
    ]
}