{
    "logs": [
        {
            "outputFile": "com.calispa.bankaio.app-mergeDebugResources-29:/values-es/values-es.xml",
            "map": [
                {
                    "source": "C:\\Users\\gonza\\.gradle\\caches\\8.12\\transforms\\906adeab1fc54800ccbfe1f925d79fc0\\transformed\\jetified-play-services-basement-18.3.0\\res\\values-es\\values.xml",
                    "from": {
                        "startLines": "4",
                        "startColumns": "0",
                        "startOffsets": "195",
                        "endColumns": "155",
                        "endOffsets": "350"
                    },
                    "to": {
                        "startLines": "17",
                        "startColumns": "4",
                        "startOffsets": "1823",
                        "endColumns": "159",
                        "endOffsets": "1978"
                    }
                },
                {
                    "source": "C:\\Users\\gonza\\.gradle\\caches\\8.12\\transforms\\8411a046f9616658209ad8ea4a5d985f\\transformed\\browser-1.4.0\\res\\values-es\\values-es.xml",
                    "from": {
                        "startLines": "2,3,4,5",
                        "startColumns": "4,4,4,4",
                        "startOffsets": "55,162,263,378",
                        "endColumns": "106,100,114,104",
                        "endOffsets": "157,258,373,478"
                    },
                    "to": {
                        "startLines": "27,28,29,30",
                        "startColumns": "4,4,4,4",
                        "startOffsets": "3124,3231,3332,3447",
                        "endColumns": "106,100,114,104",
                        "endOffsets": "3226,3327,3442,3547"
                    }
                },
                {
                    "source": "C:\\Users\\gonza\\.gradle\\caches\\8.12\\transforms\\62e42733fc48d7e4200114b93a9c82fb\\transformed\\core-1.13.1\\res\\values-es\\values-es.xml",
                    "from": {
                        "startLines": "2,3,4,5,6,7,8,9",
                        "startColumns": "4,4,4,4,4,4,4,4",
                        "startOffsets": "55,154,256,356,454,561,667,787",
                        "endColumns": "98,101,99,97,106,105,119,100",
                        "endOffsets": "149,251,351,449,556,662,782,883"
                    },
                    "to": {
                        "startLines": "2,3,4,5,6,7,8,31",
                        "startColumns": "4,4,4,4,4,4,4,4",
                        "startOffsets": "55,154,256,356,454,561,667,3552",
                        "endColumns": "98,101,99,97,106,105,119,100",
                        "endOffsets": "149,251,351,449,556,662,782,3648"
                    }
                },
                {
                    "source": "C:\\Users\\gonza\\.gradle\\caches\\8.12\\transforms\\61d3d4fe2dd837d40b39785170a0ad2d\\transformed\\jetified-play-services-base-18.1.0\\res\\values-es\\values.xml",
                    "from": {
                        "startLines": "4,5,6,7,8,9,10,11,12,13,14,15,16,17,18,19,20",
                        "startColumns": "0,0,0,0,0,0,0,0,0,0,0,0,0,0,0,0,0",
                        "startOffsets": "193,297,456,583,687,844,973,1091,1197,1385,1490,1651,1779,1940,2093,2156,2221",
                        "endColumns": "103,158,126,103,156,128,117,105,187,104,160,127,160,152,62,64,80",
                        "endOffsets": "296,455,582,686,843,972,1090,1196,1384,1489,1650,1778,1939,2092,2155,2220,2301"
                    },
                    "to": {
                        "startLines": "9,10,11,12,13,14,15,16,18,19,20,21,22,23,24,25,26",
                        "startColumns": "4,4,4,4,4,4,4,4,4,4,4,4,4,4,4,4,4",
                        "startOffsets": "787,895,1058,1189,1297,1458,1591,1713,1983,2175,2284,2449,2581,2746,2903,2970,3039",
                        "endColumns": "107,162,130,107,160,132,121,109,191,108,164,131,164,156,66,68,84",
                        "endOffsets": "890,1053,1184,1292,1453,1586,1708,1818,2170,2279,2444,2576,2741,2898,2965,3034,3119"
                    }
                }
            ]
        }
    ]
}